#
# There is insufficient memory for the Java Runtime Environment to continue.
# Native memory allocation (malloc) failed to allocate 1708976 bytes. Error detail: Chunk::new
# Possible reasons:
#   The system is out of physical RAM or swap space
#   This process is running with CompressedOops enabled, and the Java Heap may be blocking the growth of the native heap
# Possible solutions:
#   Reduce memory load on the system
#   Increase physical memory or swap space
#   Check if swap backing store is full
#   Decrease Java heap size (-Xmx/-Xms)
#   Decrease number of Java threads
#   Decrease Java thread stack sizes (-Xss)
#   Set larger code cache with -XX:ReservedCodeCacheSize=
#   JVM is running with Unscaled Compressed Oops mode in which the Java heap is
#     placed in the first 4GB address space. The Java Heap base address is the
#     maximum limit for the native heap growth. Please use -XX:HeapBaseMinAddress
#     to set the Java Heap base and to place the Java Heap above 4GB virtual address.
# This output file may be truncated or incomplete.
#
#  Out of Memory Error (arena.cpp:191), pid=11424, tid=25408
#
# JRE version: OpenJDK Runtime Environment Corretto-17.0.14.7.1 (17.0.14+7) (build 17.0.14+7-LTS)
# Java VM: OpenJDK 64-Bit Server VM Corretto-17.0.14.7.1 (17.0.14+7-LTS, mixed mode, sharing, tiered, compressed oops, compressed class ptrs, g1 gc, windows-amd64)
# No core dump will be written. Minidumps are not enabled by default on client versions of Windows
#

---------------  S U M M A R Y ------------

Command Line: -XX:MaxMetaspaceSize=512m --add-opens=java.base/java.util=ALL-UNNAMED --add-opens=java.base/java.lang=ALL-UNNAMED --add-opens=java.base/java.lang.invoke=ALL-UNNAMED --add-opens=java.prefs/java.util.prefs=ALL-UNNAMED --add-opens=java.base/java.nio.charset=ALL-UNNAMED --add-opens=java.base/java.net=ALL-UNNAMED --add-opens=java.base/java.util.concurrent.atomic=ALL-UNNAMED -Xmx2048m -Dfile.encoding=windows-1252 -Duser.country=ID -Duser.language=en -Duser.variant -javaagent:C:\Users\LENOVO\.gradle\wrapper\dists\gradle-8.3-all\6en3ugtfdg5xnpx44z4qbwgas\gradle-8.3\lib\agents\gradle-instrumentation-agent-8.3.jar org.gradle.launcher.daemon.bootstrap.GradleDaemon 8.3

Host: Intel(R) Core(TM) Ultra 7 155H, 22 cores, 15G,  Windows 11 , 64 bit Build 26100 (10.0.26100.3775)
Time: Thu Apr 17 19:38:19 2025 Malay Peninsula Standard Time elapsed time: 47.773608 seconds (0d 0h 0m 47s)

---------------  T H R E A D  ---------------

Current thread (0x000002007361dd10):  JavaThread "C2 CompilerThread1" daemon [_thread_in_native, id=25408, stack(0x0000008af8300000,0x0000008af8400000)]


Current CompileTask:
C2:  47773 11459       4       com.sun.beans.TypeResolver::resolve (37 bytes)

Stack: [0x0000008af8300000,0x0000008af8400000]
Native frames: (J=compiled Java code, j=interpreted, Vv=VM code, C=native code)
V  [jvm.dll+0x681069]
V  [jvm.dll+0x838cca]
V  [jvm.dll+0x83a78e]
V  [jvm.dll+0x83adf3]
V  [jvm.dll+0x24826f]
V  [jvm.dll+0xac9f4]
V  [jvm.dll+0xad03c]
V  [jvm.dll+0x3678e2]
V  [jvm.dll+0x1bd286]
V  [jvm.dll+0x21a909]
V  [jvm.dll+0x219bf1]
V  [jvm.dll+0x1a599d]
V  [jvm.dll+0x22994d]
V  [jvm.dll+0x227adc]
V  [jvm.dll+0x7edb77]
V  [jvm.dll+0x7e7f6c]
V  [jvm.dll+0x67ff37]
C  [ucrtbase.dll+0x37b0]
C  [KERNEL32.DLL+0x2e8d7]
C  [ntdll.dll+0xb14fc]


---------------  P R O C E S S  ---------------

Threads class SMR info:
_java_thread_list=0x0000020074d77bd0, length=164, elements={
0x000002004d7db390, 0x000002006cc9ea30, 0x000002006cc9f500, 0x000002006ccb4d50,
0x000002006ccb7630, 0x000002006ccb7f00, 0x000002006ccb87d0, 0x000002006ccbb3e0,
0x000002006ccbc490, 0x000002006ccc0db0, 0x000002006cf702b0, 0x000002006d111d30,
0x0000020072a3e5f0, 0x00000200733db080, 0x00000200731a9270, 0x0000020073e82330,
0x0000020073e82810, 0x000002007516b140, 0x00000200733eeb30, 0x0000020072a816d0,
0x0000020072a7f0e0, 0x0000020072a7e6c0, 0x0000020072a7fb00, 0x0000020072a7e1b0,
0x0000020072a7ebd0, 0x0000020075137290, 0x00000200751381c0, 0x00000200751377a0,
0x0000020075138be0, 0x0000020075137cb0, 0x000002007513a020, 0x00000200751386d0,
0x0000020075136870, 0x0000020075136d80, 0x000002007513a530, 0x0000020075139b10,
0x000002007513be80, 0x000002007513e1f0, 0x000002007513af50, 0x000002007513b970,
0x000002006d838050, 0x000002007513aa40, 0x000002007513c8a0, 0x000002007513b460,
0x000002007513cdb0, 0x000002007513d2c0, 0x000002007513d7d0, 0x000002007513dce0,
0x000002007591c060, 0x000002007591c570, 0x000002007591dec0, 0x000002007591edf0,
0x0000020075920230, 0x000002007591e3d0, 0x000002007591f300, 0x000002007591f810,
0x000002007591e8e0, 0x000002007591ca80, 0x0000020075920740, 0x000002007591cf90,
0x0000020075920c50, 0x0000020075921160, 0x000002007591d9b0, 0x00000200759239e0,
0x00000200759234d0, 0x0000020075921b80, 0x0000020075921670, 0x0000020075922090,
0x00000200759225a0, 0x0000020075922ab0, 0x0000020075922fc0, 0x0000020075d766a0,
0x0000020075d76bb0, 0x0000020075d74840, 0x0000020075d770c0, 0x0000020075d775d0,
0x0000020075d76190, 0x0000020075d74d50, 0x0000020075d75260, 0x0000020075d77ae0,
0x0000020075d74330, 0x0000020075d77ff0, 0x0000020075d78500, 0x0000020075d78a10,
0x0000020075d78f20, 0x0000020075d75770, 0x0000020075d79e50, 0x0000020075d79430,
0x0000020075d79940, 0x0000020075d7b290, 0x0000020075d7a360, 0x0000020075d7a870,
0x0000020075d7ad80, 0x0000020075d7b7a0, 0x0000020075d7bcb0, 0x000002007591fd20,
0x0000020076c47eb0, 0x0000020076c47490, 0x0000020076c492f0, 0x0000020076c46560,
0x0000020076c46f80, 0x0000020076c483c0, 0x0000020076c479a0, 0x0000020076c49800,
0x0000020076c46a70, 0x0000020076c46050, 0x0000020076c488d0, 0x0000020076c48de0,
0x0000020074941ec0, 0x0000020074940f90, 0x0000020074940570, 0x0000020074940a80,
0x00000200749423d0, 0x0000020074940060, 0x00000200749414a0, 0x0000020074942df0,
0x0000020074944230, 0x00000200749428e0, 0x0000020074943300, 0x0000020074943810,
0x0000020074943d20, 0x0000020074944740, 0x0000020074944c50, 0x0000020074945160,
0x00000200749419b0, 0x0000020074945b80, 0x0000020074946fc0, 0x0000020074946090,
0x00000200749474d0, 0x0000020074945670, 0x00000200749479e0, 0x00000200749465a0,
0x0000020074946ab0, 0x000002007704fb70, 0x000002007704f660, 0x000002007704e220,
0x000002007704ec40, 0x0000020077050aa0, 0x0000020077050080, 0x0000020077050fb0,
0x0000020077050590, 0x00000200770514c0, 0x000002007704dd10, 0x000002007704e730,
0x00000200770519d0, 0x0000020077051ee0, 0x00000200770523f0, 0x0000020077052900,
0x000002007704f150, 0x0000020077052e10, 0x0000020077053320, 0x0000020077055180,
0x0000020077055690, 0x0000020077053830, 0x0000020077054c70, 0x0000020077054250,
0x0000020077054760, 0x0000020077053d40, 0x0000020075eb88e0, 0x0000020075eb8df0,
0x0000020075eb6f90, 0x0000020075eb6a80, 0x000002007361dd10, 0x000002007361fcf0
}

Java Threads: ( => current thread )
  0x000002004d7db390 JavaThread "main" [_thread_blocked, id=3856, stack(0x0000008aeda00000,0x0000008aedb00000)]
  0x000002006cc9ea30 JavaThread "Reference Handler" daemon [_thread_blocked, id=696, stack(0x0000008aee100000,0x0000008aee200000)]
  0x000002006cc9f500 JavaThread "Finalizer" daemon [_thread_blocked, id=21236, stack(0x0000008aee200000,0x0000008aee300000)]
  0x000002006ccb4d50 JavaThread "Signal Dispatcher" daemon [_thread_blocked, id=14072, stack(0x0000008aee300000,0x0000008aee400000)]
  0x000002006ccb7630 JavaThread "Attach Listener" daemon [_thread_blocked, id=23672, stack(0x0000008aee400000,0x0000008aee500000)]
  0x000002006ccb7f00 JavaThread "Service Thread" daemon [_thread_blocked, id=18956, stack(0x0000008aee500000,0x0000008aee600000)]
  0x000002006ccb87d0 JavaThread "Monitor Deflation Thread" daemon [_thread_blocked, id=21032, stack(0x0000008aee600000,0x0000008aee700000)]
  0x000002006ccbb3e0 JavaThread "C2 CompilerThread0" daemon [_thread_in_native, id=11412, stack(0x0000008aee700000,0x0000008aee800000)]
  0x000002006ccbc490 JavaThread "C1 CompilerThread0" daemon [_thread_blocked, id=832, stack(0x0000008aee800000,0x0000008aee900000)]
  0x000002006ccc0db0 JavaThread "Sweeper thread" daemon [_thread_blocked, id=11296, stack(0x0000008aee900000,0x0000008aeea00000)]
  0x000002006cf702b0 JavaThread "Common-Cleaner" daemon [_thread_blocked, id=16148, stack(0x0000008aeea00000,0x0000008aeeb00000)]
  0x000002006d111d30 JavaThread "Notification Thread" daemon [_thread_blocked, id=852, stack(0x0000008aeed00000,0x0000008aeee00000)]
  0x0000020072a3e5f0 JavaThread "Daemon health stats" [_thread_blocked, id=24168, stack(0x0000008aef100000,0x0000008aef200000)]
  0x00000200733db080 JavaThread "Incoming local TCP Connector on port 53153" [_thread_in_native, id=13044, stack(0x0000008aeef00000,0x0000008aef000000)]
  0x00000200731a9270 JavaThread "Daemon periodic checks" [_thread_blocked, id=8072, stack(0x0000008aef200000,0x0000008aef300000)]
  0x0000020073e82330 JavaThread "Daemon" [_thread_blocked, id=20428, stack(0x0000008aef700000,0x0000008aef800000)]
  0x0000020073e82810 JavaThread "Handler for socket connection from /127.0.0.1:53153 to /127.0.0.1:53154" [_thread_in_native, id=3520, stack(0x0000008aef800000,0x0000008aef900000)]
  0x000002007516b140 JavaThread "Cancel handler" [_thread_blocked, id=15248, stack(0x0000008aef900000,0x0000008aefa00000)]
  0x00000200733eeb30 JavaThread "Daemon worker" [_thread_in_Java, id=21316, stack(0x0000008aefa00000,0x0000008aefb00000)]
  0x0000020072a816d0 JavaThread "Asynchronous log dispatcher for DefaultDaemonConnection: socket connection from /127.0.0.1:53153 to /127.0.0.1:53154" [_thread_blocked, id=24552, stack(0x0000008aefb00000,0x0000008aefc00000)]
  0x0000020072a7f0e0 JavaThread "Stdin handler" [_thread_blocked, id=9932, stack(0x0000008aefc00000,0x0000008aefd00000)]
  0x0000020072a7e6c0 JavaThread "Daemon client event forwarder" [_thread_blocked, id=15216, stack(0x0000008aefd00000,0x0000008aefe00000)]
  0x0000020072a7fb00 JavaThread "Cache worker for journal cache (C:\Users\LENOVO\.gradle\caches\journal-1)" [_thread_blocked, id=24896, stack(0x0000008aefe00000,0x0000008aeff00000)]
  0x0000020072a7e1b0 JavaThread "File lock request listener" [_thread_in_native, id=6424, stack(0x0000008aeff00000,0x0000008af0000000)]
  0x0000020072a7ebd0 JavaThread "Cache worker for file hash cache (C:\Users\LENOVO\.gradle\caches\8.3\fileHashes)" [_thread_blocked, id=26000, stack(0x0000008af0000000,0x0000008af0100000)]
  0x0000020075137290 JavaThread "File watcher server" daemon [_thread_in_native, id=25776, stack(0x0000008af0100000,0x0000008af0200000)]
  0x00000200751381c0 JavaThread "File watcher consumer" daemon [_thread_blocked, id=14920, stack(0x0000008af0200000,0x0000008af0300000)]
  0x00000200751377a0 JavaThread "Cache worker for checksums cache (C:\Users\LENOVO\delonMAD\android\.gradle\8.3\checksums)" [_thread_blocked, id=13892, stack(0x0000008af0e00000,0x0000008af0f00000)]
  0x0000020075138be0 JavaThread "Cache worker for file hash cache (C:\Users\LENOVO\delonMAD\android\.gradle\8.3\fileHashes)" [_thread_blocked, id=21872, stack(0x0000008af0f00000,0x0000008af1000000)]
  0x0000020075137cb0 JavaThread "Cache worker for cache directory md-supplier (C:\Users\LENOVO\.gradle\caches\8.3\md-supplier)" [_thread_blocked, id=3268, stack(0x0000008af1000000,0x0000008af1100000)]
  0x000002007513a020 JavaThread "Cache worker for file content cache (C:\Users\LENOVO\.gradle\caches\8.3\fileContent)" [_thread_blocked, id=14904, stack(0x0000008af1100000,0x0000008af1200000)]
  0x00000200751386d0 JavaThread "Cache worker for cache directory md-rule (C:\Users\LENOVO\.gradle\caches\8.3\md-rule)" [_thread_blocked, id=9624, stack(0x0000008aef000000,0x0000008aef100000)]
  0x0000020075136870 JavaThread "Cache worker for execution history cache (C:\Users\LENOVO\.gradle\caches\8.3\executionHistory)" [_thread_blocked, id=19228, stack(0x0000008af1500000,0x0000008af1600000)]
  0x0000020075136d80 JavaThread "jar transforms" [_thread_blocked, id=2108, stack(0x0000008af1900000,0x0000008af1a00000)]
  0x000002007513a530 JavaThread "jar transforms Thread 2" [_thread_blocked, id=7096, stack(0x0000008af1a00000,0x0000008af1b00000)]
  0x0000020075139b10 JavaThread "jar transforms Thread 3" [_thread_blocked, id=26992, stack(0x0000008af1600000,0x0000008af1700000)]
  0x000002007513be80 JavaThread "jar transforms Thread 4" [_thread_blocked, id=24556, stack(0x0000008af1700000,0x0000008af1800000)]
  0x000002007513e1f0 JavaThread "Cache worker for kotlin-dsl (C:\Users\LENOVO\.gradle\caches\8.3\kotlin-dsl)" [_thread_blocked, id=24592, stack(0x0000008aeeb00000,0x0000008aeec00000)]
  0x000002007513af50 JavaThread "jar transforms Thread 5" [_thread_blocked, id=23040, stack(0x0000008aeec00000,0x0000008aeed00000)]
  0x000002007513b970 JavaThread "jar transforms Thread 6" [_thread_blocked, id=7644, stack(0x0000008af1800000,0x0000008af1900000)]
  0x000002006d838050 JavaThread "C1 CompilerThread1" daemon [_thread_blocked, id=14372, stack(0x0000008af1b00000,0x0000008af1c00000)]
  0x000002007513aa40 JavaThread "Unconstrained build operations" [_thread_blocked, id=10272, stack(0x0000008af1e00000,0x0000008af1f00000)]
  0x000002007513c8a0 JavaThread "Unconstrained build operations Thread 2" [_thread_blocked, id=21788, stack(0x0000008af2000000,0x0000008af2100000)]
  0x000002007513b460 JavaThread "jar transforms Thread 7" [_thread_blocked, id=5176, stack(0x0000008af2100000,0x0000008af2200000)]
  0x000002007513cdb0 JavaThread "jar transforms Thread 8" [_thread_blocked, id=19644, stack(0x0000008af2200000,0x0000008af2300000)]
  0x000002007513d2c0 JavaThread "jar transforms Thread 9" [_thread_blocked, id=11748, stack(0x0000008af2300000,0x0000008af2400000)]
  0x000002007513d7d0 JavaThread "jar transforms Thread 10" [_thread_blocked, id=2016, stack(0x0000008af2400000,0x0000008af2500000)]
  0x000002007513dce0 JavaThread "jar transforms Thread 11" [_thread_blocked, id=10244, stack(0x0000008af2500000,0x0000008af2600000)]
  0x000002007591c060 JavaThread "jar transforms Thread 12" [_thread_blocked, id=22748, stack(0x0000008af2600000,0x0000008af2700000)]
  0x000002007591c570 JavaThread "Cache worker for dependencies-accessors (C:\Users\LENOVO\delonMAD\android\.gradle\8.3\dependencies-accessors)" [_thread_blocked, id=8708, stack(0x0000008af2700000,0x0000008af2800000)]
  0x000002007591dec0 JavaThread "Cache worker for Build Output Cleanup Cache (C:\Users\LENOVO\delonMAD\node_modules\@react-native\gradle-plugin\.gradle\buildOutputCleanup)" [_thread_blocked, id=8984, stack(0x0000008af1f00000,0x0000008af2000000)]
  0x000002007591edf0 JavaThread "jar transforms Thread 13" [_thread_blocked, id=8500, stack(0x0000008af2800000,0x0000008af2900000)]
  0x0000020075920230 JavaThread "jar transforms Thread 14" [_thread_blocked, id=23712, stack(0x0000008af2900000,0x0000008af2a00000)]
  0x000002007591e3d0 JavaThread "Unconstrained build operations Thread 3" [_thread_blocked, id=21012, stack(0x0000008af2a00000,0x0000008af2b00000)]
  0x000002007591f300 JavaThread "Unconstrained build operations Thread 4" [_thread_blocked, id=8600, stack(0x0000008af2b00000,0x0000008af2c00000)]
  0x000002007591f810 JavaThread "Unconstrained build operations Thread 5" [_thread_blocked, id=12924, stack(0x0000008af2c00000,0x0000008af2d00000)]
  0x000002007591e8e0 JavaThread "Unconstrained build operations Thread 6" [_thread_blocked, id=9284, stack(0x0000008af2d00000,0x0000008af2e00000)]
  0x000002007591ca80 JavaThread "Unconstrained build operations Thread 7" [_thread_blocked, id=6976, stack(0x0000008af2e00000,0x0000008af2f00000)]
  0x0000020075920740 JavaThread "Unconstrained build operations Thread 8" [_thread_blocked, id=6540, stack(0x0000008af2f00000,0x0000008af3000000)]
  0x000002007591cf90 JavaThread "Unconstrained build operations Thread 9" [_thread_blocked, id=24892, stack(0x0000008af3000000,0x0000008af3100000)]
  0x0000020075920c50 JavaThread "Unconstrained build operations Thread 10" [_thread_blocked, id=19828, stack(0x0000008af3100000,0x0000008af3200000)]
  0x0000020075921160 JavaThread "Unconstrained build operations Thread 11" [_thread_blocked, id=16932, stack(0x0000008af3200000,0x0000008af3300000)]
  0x000002007591d9b0 JavaThread "Unconstrained build operations Thread 12" [_thread_blocked, id=5868, stack(0x0000008af3300000,0x0000008af3400000)]
  0x00000200759239e0 JavaThread "Unconstrained build operations Thread 13" [_thread_blocked, id=12712, stack(0x0000008af3400000,0x0000008af3500000)]
  0x00000200759234d0 JavaThread "Unconstrained build operations Thread 14" [_thread_blocked, id=15632, stack(0x0000008af3500000,0x0000008af3600000)]
  0x0000020075921b80 JavaThread "Unconstrained build operations Thread 15" [_thread_blocked, id=25420, stack(0x0000008af3600000,0x0000008af3700000)]
  0x0000020075921670 JavaThread "Unconstrained build operations Thread 16" [_thread_blocked, id=17960, stack(0x0000008af3700000,0x0000008af3800000)]
  0x0000020075922090 JavaThread "Unconstrained build operations Thread 17" [_thread_blocked, id=22580, stack(0x0000008af3800000,0x0000008af3900000)]
  0x00000200759225a0 JavaThread "Unconstrained build operations Thread 18" [_thread_blocked, id=8144, stack(0x0000008af3900000,0x0000008af3a00000)]
  0x0000020075922ab0 JavaThread "Unconstrained build operations Thread 19" [_thread_blocked, id=8504, stack(0x0000008af3a00000,0x0000008af3b00000)]
  0x0000020075922fc0 JavaThread "Unconstrained build operations Thread 20" [_thread_blocked, id=24292, stack(0x0000008af3b00000,0x0000008af3c00000)]
  0x0000020075d766a0 JavaThread "Unconstrained build operations Thread 21" [_thread_blocked, id=14896, stack(0x0000008af3c00000,0x0000008af3d00000)]
  0x0000020075d76bb0 JavaThread "Unconstrained build operations Thread 22" [_thread_blocked, id=15520, stack(0x0000008af3d00000,0x0000008af3e00000)]
  0x0000020075d74840 JavaThread "Unconstrained build operations Thread 23" [_thread_blocked, id=9084, stack(0x0000008af3e00000,0x0000008af3f00000)]
  0x0000020075d770c0 JavaThread "jar transforms Thread 15" [_thread_blocked, id=27292, stack(0x0000008af3f00000,0x0000008af4000000)]
  0x0000020075d775d0 JavaThread "jar transforms Thread 16" [_thread_blocked, id=22284, stack(0x0000008af4000000,0x0000008af4100000)]
  0x0000020075d76190 JavaThread "jar transforms Thread 17" [_thread_blocked, id=23452, stack(0x0000008af4100000,0x0000008af4200000)]
  0x0000020075d74d50 JavaThread "jar transforms Thread 18" [_thread_blocked, id=11468, stack(0x0000008af4200000,0x0000008af4300000)]
  0x0000020075d75260 JavaThread "jar transforms Thread 19" [_thread_blocked, id=17776, stack(0x0000008af4300000,0x0000008af4400000)]
  0x0000020075d77ae0 JavaThread "jar transforms Thread 20" [_thread_blocked, id=23724, stack(0x0000008af4400000,0x0000008af4500000)]
  0x0000020075d74330 JavaThread "jar transforms Thread 21" [_thread_blocked, id=6052, stack(0x0000008af4500000,0x0000008af4600000)]
  0x0000020075d77ff0 JavaThread "jar transforms Thread 22" [_thread_blocked, id=11848, stack(0x0000008af4600000,0x0000008af4700000)]
  0x0000020075d78500 JavaThread "Memory manager" [_thread_blocked, id=23020, stack(0x0000008af4a00000,0x0000008af4b00000)]
  0x0000020075d78a10 JavaThread "Cache worker for Build Output Cleanup Cache (C:\Users\LENOVO\delonMAD\android\.gradle\buildOutputCleanup)" [_thread_blocked, id=23988, stack(0x0000008af4700000,0x0000008af4800000)]
  0x0000020075d78f20 JavaThread "ForkJoinPool.commonPool-worker-1" daemon [_thread_blocked, id=16084, stack(0x0000008af4d00000,0x0000008af4e00000)]
  0x0000020075d75770 JavaThread "ForkJoinPool.commonPool-worker-2" daemon [_thread_blocked, id=19788, stack(0x0000008af4e00000,0x0000008af4f00000)]
  0x0000020075d79e50 JavaThread "ForkJoinPool.commonPool-worker-3" daemon [_thread_blocked, id=22036, stack(0x0000008af4f00000,0x0000008af5000000)]
  0x0000020075d79430 JavaThread "ForkJoinPool.commonPool-worker-4" daemon [_thread_blocked, id=15036, stack(0x0000008af5000000,0x0000008af5100000)]
  0x0000020075d79940 JavaThread "ForkJoinPool.commonPool-worker-5" daemon [_thread_blocked, id=4232, stack(0x0000008af5100000,0x0000008af5200000)]
  0x0000020075d7b290 JavaThread "ForkJoinPool.commonPool-worker-6" daemon [_thread_blocked, id=6696, stack(0x0000008af5200000,0x0000008af5300000)]
  0x0000020075d7a360 JavaThread "ForkJoinPool.commonPool-worker-7" daemon [_thread_blocked, id=19684, stack(0x0000008af5300000,0x0000008af5400000)]
  0x0000020075d7a870 JavaThread "ForkJoinPool.commonPool-worker-8" daemon [_thread_blocked, id=10508, stack(0x0000008af5400000,0x0000008af5500000)]
  0x0000020075d7ad80 JavaThread "ForkJoinPool.commonPool-worker-9" daemon [_thread_blocked, id=1944, stack(0x0000008af5500000,0x0000008af5600000)]
  0x0000020075d7b7a0 JavaThread "ForkJoinPool.commonPool-worker-10" daemon [_thread_blocked, id=15592, stack(0x0000008af5600000,0x0000008af5700000)]
  0x0000020075d7bcb0 JavaThread "ForkJoinPool.commonPool-worker-11" daemon [_thread_blocked, id=16548, stack(0x0000008af5700000,0x0000008af5800000)]
  0x000002007591fd20 JavaThread "included builds" [_thread_blocked, id=23980, stack(0x0000008af5800000,0x0000008af5900000)]
  0x0000020076c47eb0 JavaThread "Execution worker" [_thread_blocked, id=25816, stack(0x0000008af5900000,0x0000008af5a00000)]
  0x0000020076c47490 JavaThread "Execution worker Thread 2" [_thread_blocked, id=15160, stack(0x0000008af5a00000,0x0000008af5b00000)]
  0x0000020076c492f0 JavaThread "Execution worker Thread 3" [_thread_blocked, id=24416, stack(0x0000008af5b00000,0x0000008af5c00000)]
  0x0000020076c46560 JavaThread "Execution worker Thread 4" [_thread_blocked, id=10532, stack(0x0000008af5c00000,0x0000008af5d00000)]
  0x0000020076c46f80 JavaThread "Execution worker Thread 5" [_thread_blocked, id=27144, stack(0x0000008af5d00000,0x0000008af5e00000)]
  0x0000020076c483c0 JavaThread "Execution worker Thread 6" [_thread_blocked, id=5000, stack(0x0000008af5e00000,0x0000008af5f00000)]
  0x0000020076c479a0 JavaThread "Execution worker Thread 7" [_thread_blocked, id=18172, stack(0x0000008af5f00000,0x0000008af6000000)]
  0x0000020076c49800 JavaThread "Execution worker Thread 8" [_thread_blocked, id=16560, stack(0x0000008af6000000,0x0000008af6100000)]
  0x0000020076c46a70 JavaThread "Execution worker Thread 9" [_thread_blocked, id=12300, stack(0x0000008af6100000,0x0000008af6200000)]
  0x0000020076c46050 JavaThread "Execution worker Thread 10" [_thread_blocked, id=8964, stack(0x0000008af6200000,0x0000008af6300000)]
  0x0000020076c488d0 JavaThread "Execution worker Thread 11" [_thread_blocked, id=664, stack(0x0000008af6300000,0x0000008af6400000)]
  0x0000020076c48de0 JavaThread "Execution worker Thread 12" [_thread_blocked, id=9268, stack(0x0000008af6400000,0x0000008af6500000)]
  0x0000020074941ec0 JavaThread "Execution worker Thread 13" [_thread_blocked, id=5480, stack(0x0000008af6500000,0x0000008af6600000)]
  0x0000020074940f90 JavaThread "Execution worker Thread 14" [_thread_blocked, id=5040, stack(0x0000008af6600000,0x0000008af6700000)]
  0x0000020074940570 JavaThread "Execution worker Thread 15" [_thread_blocked, id=6756, stack(0x0000008af6700000,0x0000008af6800000)]
  0x0000020074940a80 JavaThread "Execution worker Thread 16" [_thread_blocked, id=13716, stack(0x0000008af6800000,0x0000008af6900000)]
  0x00000200749423d0 JavaThread "Execution worker Thread 17" [_thread_blocked, id=24348, stack(0x0000008af6900000,0x0000008af6a00000)]
  0x0000020074940060 JavaThread "Execution worker Thread 18" [_thread_blocked, id=22280, stack(0x0000008af6a00000,0x0000008af6b00000)]
  0x00000200749414a0 JavaThread "Execution worker Thread 19" [_thread_blocked, id=12648, stack(0x0000008af6b00000,0x0000008af6c00000)]
  0x0000020074942df0 JavaThread "Execution worker Thread 20" [_thread_blocked, id=24580, stack(0x0000008af6c00000,0x0000008af6d00000)]
  0x0000020074944230 JavaThread "Execution worker Thread 21" [_thread_blocked, id=17896, stack(0x0000008af6d00000,0x0000008af6e00000)]
  0x00000200749428e0 JavaThread "Cache worker for execution history cache (C:\Users\LENOVO\delonMAD\node_modules\@react-native\gradle-plugin\.gradle\8.3\executionHistory)" [_thread_blocked, id=21020, stack(0x0000008af6e00000,0x0000008af6f00000)]
  0x0000020074943300 JavaThread "Unconstrained build operations Thread 24" [_thread_blocked, id=26212, stack(0x0000008af4b00000,0x0000008af4c00000)]
  0x0000020074943810 JavaThread "Unconstrained build operations Thread 25" [_thread_blocked, id=20164, stack(0x0000008af6f00000,0x0000008af7000000)]
  0x0000020074943d20 JavaThread "Unconstrained build operations Thread 26" [_thread_blocked, id=27276, stack(0x0000008af7000000,0x0000008af7100000)]
  0x0000020074944740 JavaThread "Unconstrained build operations Thread 27" [_thread_blocked, id=3984, stack(0x0000008af7100000,0x0000008af7200000)]
  0x0000020074944c50 JavaThread "Unconstrained build operations Thread 28" [_thread_blocked, id=25656, stack(0x0000008af7200000,0x0000008af7300000)]
  0x0000020074945160 JavaThread "Unconstrained build operations Thread 29" [_thread_blocked, id=3300, stack(0x0000008af7300000,0x0000008af7400000)]
  0x00000200749419b0 JavaThread "Unconstrained build operations Thread 30" [_thread_blocked, id=24948, stack(0x0000008af7400000,0x0000008af7500000)]
  0x0000020074945b80 JavaThread "Unconstrained build operations Thread 31" [_thread_blocked, id=11872, stack(0x0000008af7500000,0x0000008af7600000)]
  0x0000020074946fc0 JavaThread "Unconstrained build operations Thread 32" [_thread_blocked, id=8032, stack(0x0000008af7600000,0x0000008af7700000)]
  0x0000020074946090 JavaThread "Unconstrained build operations Thread 33" [_thread_blocked, id=12168, stack(0x0000008af7700000,0x0000008af7800000)]
  0x00000200749474d0 JavaThread "Unconstrained build operations Thread 34" [_thread_blocked, id=15084, stack(0x0000008af7800000,0x0000008af7900000)]
  0x0000020074945670 JavaThread "Unconstrained build operations Thread 35" [_thread_blocked, id=21272, stack(0x0000008af7900000,0x0000008af7a00000)]
  0x00000200749479e0 JavaThread "Unconstrained build operations Thread 36" [_thread_blocked, id=24236, stack(0x0000008af7a00000,0x0000008af7b00000)]
  0x00000200749465a0 JavaThread "Unconstrained build operations Thread 37" [_thread_blocked, id=8240, stack(0x0000008af7b00000,0x0000008af7c00000)]
  0x0000020074946ab0 JavaThread "Unconstrained build operations Thread 38" [_thread_blocked, id=24868, stack(0x0000008af7c00000,0x0000008af7d00000)]
  0x000002007704fb70 JavaThread "Unconstrained build operations Thread 39" [_thread_blocked, id=18280, stack(0x0000008af7d00000,0x0000008af7e00000)]
  0x000002007704f660 JavaThread "Unconstrained build operations Thread 40" [_thread_blocked, id=23300, stack(0x0000008af7e00000,0x0000008af7f00000)]
  0x000002007704e220 JavaThread "Unconstrained build operations Thread 41" [_thread_blocked, id=27544, stack(0x0000008af7f00000,0x0000008af8000000)]
  0x000002007704ec40 JavaThread "Unconstrained build operations Thread 42" [_thread_blocked, id=15440, stack(0x0000008af8000000,0x0000008af8100000)]
  0x0000020077050aa0 JavaThread "Unconstrained build operations Thread 43" [_thread_blocked, id=25612, stack(0x0000008af8100000,0x0000008af8200000)]
  0x0000020077050080 JavaThread "Unconstrained build operations Thread 44" [_thread_blocked, id=24344, stack(0x0000008af8200000,0x0000008af8300000)]
  0x0000020077050fb0 JavaThread "Unconstrained build operations Thread 45" [_thread_blocked, id=22256, stack(0x0000008af8400000,0x0000008af8500000)]
  0x0000020077050590 JavaThread "Unconstrained build operations Thread 46" [_thread_blocked, id=3728, stack(0x0000008af8500000,0x0000008af8600000)]
  0x00000200770514c0 JavaThread "Unconstrained build operations Thread 47" [_thread_blocked, id=10356, stack(0x0000008af8600000,0x0000008af8700000)]
  0x000002007704dd10 JavaThread "Unconstrained build operations Thread 48" [_thread_blocked, id=11332, stack(0x0000008af8700000,0x0000008af8800000)]
  0x000002007704e730 JavaThread "Unconstrained build operations Thread 49" [_thread_blocked, id=26104, stack(0x0000008af8800000,0x0000008af8900000)]
  0x00000200770519d0 JavaThread "Unconstrained build operations Thread 50" [_thread_blocked, id=22128, stack(0x0000008af8900000,0x0000008af8a00000)]
  0x0000020077051ee0 JavaThread "Unconstrained build operations Thread 51" [_thread_blocked, id=8892, stack(0x0000008af8a00000,0x0000008af8b00000)]
  0x00000200770523f0 JavaThread "Unconstrained build operations Thread 52" [_thread_blocked, id=21592, stack(0x0000008af8b00000,0x0000008af8c00000)]
  0x0000020077052900 JavaThread "Unconstrained build operations Thread 53" [_thread_blocked, id=26924, stack(0x0000008af8c00000,0x0000008af8d00000)]
  0x000002007704f150 JavaThread "Unconstrained build operations Thread 54" [_thread_blocked, id=20136, stack(0x0000008af8d00000,0x0000008af8e00000)]
  0x0000020077052e10 JavaThread "Unconstrained build operations Thread 55" [_thread_blocked, id=8464, stack(0x0000008af8e00000,0x0000008af8f00000)]
  0x0000020077053320 JavaThread "Unconstrained build operations Thread 56" [_thread_blocked, id=7528, stack(0x0000008af8f00000,0x0000008af9000000)]
  0x0000020077055180 JavaThread "Unconstrained build operations Thread 57" [_thread_blocked, id=15080, stack(0x0000008af9000000,0x0000008af9100000)]
  0x0000020077055690 JavaThread "Unconstrained build operations Thread 58" [_thread_blocked, id=21360, stack(0x0000008af9100000,0x0000008af9200000)]
  0x0000020077053830 JavaThread "Unconstrained build operations Thread 59" [_thread_blocked, id=19064, stack(0x0000008af9200000,0x0000008af9300000)]
  0x0000020077054c70 JavaThread "Unconstrained build operations Thread 60" [_thread_blocked, id=20728, stack(0x0000008af9300000,0x0000008af9400000)]
  0x0000020077054250 JavaThread "Unconstrained build operations Thread 61" [_thread_blocked, id=7736, stack(0x0000008af9400000,0x0000008af9500000)]
  0x0000020077054760 JavaThread "Unconstrained build operations Thread 62" [_thread_blocked, id=10432, stack(0x0000008af9500000,0x0000008af9600000)]
  0x0000020077053d40 JavaThread "Unconstrained build operations Thread 63" [_thread_blocked, id=26284, stack(0x0000008af9600000,0x0000008af9700000)]
  0x0000020075eb88e0 JavaThread "Unconstrained build operations Thread 64" [_thread_blocked, id=3656, stack(0x0000008af9700000,0x0000008af9800000)]
  0x0000020075eb8df0 JavaThread "Unconstrained build operations Thread 65" [_thread_blocked, id=25372, stack(0x0000008af9800000,0x0000008af9900000)]
  0x0000020075eb6f90 JavaThread "Unconstrained build operations Thread 66" [_thread_blocked, id=2888, stack(0x0000008af9900000,0x0000008af9a00000)]
  0x0000020075eb6a80 JavaThread "Unconstrained build operations Thread 67" [_thread_blocked, id=23716, stack(0x0000008af9a00000,0x0000008af9b00000)]
=>0x000002007361dd10 JavaThread "C2 CompilerThread1" daemon [_thread_in_native, id=25408, stack(0x0000008af8300000,0x0000008af8400000)]
  0x000002007361fcf0 JavaThread "C2 CompilerThread2" daemon [_thread_in_native, id=18616, stack(0x0000008af1c00000,0x0000008af1d00000)]

Other Threads:
  0x000002006cf71d10 VMThread "VM Thread" [stack: 0x0000008aee000000,0x0000008aee100000] [id=1860] _threads_hazard_ptr=0x0000020074d77bd0
  0x000002006d15f150 WatcherThread [stack: 0x0000008aeee00000,0x0000008aeef00000] [id=10768]
  0x000002004d83dae0 GCTaskThread "GC Thread#0" [stack: 0x0000008aedb00000,0x0000008aedc00000] [id=7244]
  0x00000200723e4bd0 GCTaskThread "GC Thread#1" [stack: 0x0000008aef300000,0x0000008aef400000] [id=17500]
  0x000002007295d070 GCTaskThread "GC Thread#2" [stack: 0x0000008aef400000,0x0000008aef500000] [id=26604]
  0x000002007295d330 GCTaskThread "GC Thread#3" [stack: 0x0000008aef500000,0x0000008aef600000] [id=9176]
  0x000002007295d5f0 GCTaskThread "GC Thread#4" [stack: 0x0000008aef600000,0x0000008aef700000] [id=15848]
  0x0000020073884580 GCTaskThread "GC Thread#5" [stack: 0x0000008af0300000,0x0000008af0400000] [id=18240]
  0x0000020073f72070 GCTaskThread "GC Thread#6" [stack: 0x0000008af0400000,0x0000008af0500000] [id=11048]
  0x0000020072ec7eb0 GCTaskThread "GC Thread#7" [stack: 0x0000008af0500000,0x0000008af0600000] [id=8400]
  0x0000020072ec8170 GCTaskThread "GC Thread#8" [stack: 0x0000008af0600000,0x0000008af0700000] [id=18940]
  0x0000020072ec8430 GCTaskThread "GC Thread#9" [stack: 0x0000008af0700000,0x0000008af0800000] [id=19580]
  0x0000020072ec86f0 GCTaskThread "GC Thread#10" [stack: 0x0000008af0800000,0x0000008af0900000] [id=25252]
  0x000002007361c540 GCTaskThread "GC Thread#11" [stack: 0x0000008af0900000,0x0000008af0a00000] [id=2768]
  0x000002007361c800 GCTaskThread "GC Thread#12" [stack: 0x0000008af0a00000,0x0000008af0b00000] [id=26984]
  0x000002007361cac0 GCTaskThread "GC Thread#13" [stack: 0x0000008af0b00000,0x0000008af0c00000] [id=23620]
  0x000002007361cd80 GCTaskThread "GC Thread#14" [stack: 0x0000008af0c00000,0x0000008af0d00000] [id=1068]
  0x0000020073a70040 GCTaskThread "GC Thread#15" [stack: 0x0000008af0d00000,0x0000008af0e00000] [id=20092]
  0x000002004d84f610 ConcurrentGCThread "G1 Main Marker" [stack: 0x0000008aedc00000,0x0000008aedd00000] [id=7180]
  0x000002004d84ff40 ConcurrentGCThread "G1 Conc#0" [stack: 0x0000008aedd00000,0x0000008aede00000] [id=13824]
  0x0000020074fdc0e0 ConcurrentGCThread "G1 Conc#1" [stack: 0x0000008af1200000,0x0000008af1300000] [id=20932]
  0x0000020074fdc3a0 ConcurrentGCThread "G1 Conc#2" [stack: 0x0000008af1300000,0x0000008af1400000] [id=17612]
  0x0000020074fdc920 ConcurrentGCThread "G1 Conc#3" [stack: 0x0000008af1400000,0x0000008af1500000] [id=11944]
  0x000002006cbcc0f0 ConcurrentGCThread "G1 Refine#0" [stack: 0x0000008aede00000,0x0000008aedf00000] [id=7716]
  0x000002006cbcd7e0 ConcurrentGCThread "G1 Service" [stack: 0x0000008aedf00000,0x0000008aee000000] [id=4292]

Threads with active compile tasks:
C2 CompilerThread0    52852 11461       4       java.beans.Introspector::addMethod (196 bytes)
C2 CompilerThread1    52852 11459       4       com.sun.beans.TypeResolver::resolve (37 bytes)
C2 CompilerThread2    52852 11462   !   4       com.sun.beans.TypeResolver::resolve (264 bytes)

VM state: synchronizing (normal execution)

VM Mutex/Monitor currently owned by a thread:  ([mutex/lock_event])
[0x000002004b48f940] Threads_lock - owner thread: 0x000002006cf71d10

Heap address: 0x0000000080000000, size: 2048 MB, Compressed Oops mode: 32-bit

CDS archive(s) mapped at: [0x0000020000000000-0x0000020000bb0000-0x0000020000bb0000), size 12255232, SharedBaseAddress: 0x0000020000000000, ArchiveRelocationMode: 1.
Compressed class space mapped at: 0x0000020001000000-0x000002001b000000, reserved size: 436207616
Narrow klass base: 0x0000020000000000, Narrow klass shift: 0, Narrow klass range: 0x100000000

GC Precious Log:
 CPUs: 22 total, 22 available
 Memory: 15805M
 Large Page Support: Disabled
 NUMA Support: Disabled
 Compressed Oops: Enabled (32-bit)
 Heap Region Size: 1M
 Heap Min Capacity: 8M
 Heap Initial Capacity: 248M
 Heap Max Capacity: 2G
 Pre-touch: Disabled
 Parallel Workers: 16
 Concurrent Workers: 4
 Concurrent Refinement Workers: 16
 Periodic GC: Disabled

Heap:
 garbage-first heap   total 191488K, used 131806K [0x0000000080000000, 0x0000000100000000)
  region size 1024K, 46 young (47104K), 4 survivors (4096K)
 Metaspace       used 91746K, committed 92480K, reserved 557056K
  class space    used 12421K, committed 12736K, reserved 425984K

Heap Regions: E=young(eden), S=young(survivor), O=old, HS=humongous(starts), HC=humongous(continues), CS=collection set, F=free, OA=open archive, CA=closed archive, TAMS=top-at-mark-start (previous, next)
|   0|0x0000000080000000, 0x0000000080100000, 0x0000000080100000|100%|HS|  |TAMS 0x0000000080100000, 0x0000000080000000| Complete 
|   1|0x0000000080100000, 0x0000000080200000, 0x0000000080200000|100%|HC|  |TAMS 0x0000000080200000, 0x0000000080100000| Complete 
|   2|0x0000000080200000, 0x0000000080300000, 0x0000000080300000|100%|HC|  |TAMS 0x0000000080300000, 0x0000000080200000| Complete 
|   3|0x0000000080300000, 0x0000000080400000, 0x0000000080400000|100%|HC|  |TAMS 0x0000000080400000, 0x0000000080300000| Complete 
|   4|0x0000000080400000, 0x0000000080500000, 0x0000000080500000|100%| O|  |TAMS 0x0000000080500000, 0x0000000080400000| Untracked 
|   5|0x0000000080500000, 0x0000000080600000, 0x0000000080600000|100%| O|  |TAMS 0x0000000080600000, 0x0000000080500000| Untracked 
|   6|0x0000000080600000, 0x0000000080700000, 0x0000000080700000|100%| O|  |TAMS 0x0000000080700000, 0x0000000080600000| Untracked 
|   7|0x0000000080700000, 0x0000000080800000, 0x0000000080800000|100%| O|  |TAMS 0x0000000080800000, 0x0000000080700000| Untracked 
|   8|0x0000000080800000, 0x0000000080900000, 0x0000000080900000|100%| O|  |TAMS 0x0000000080900000, 0x0000000080800000| Untracked 
|   9|0x0000000080900000, 0x0000000080a00000, 0x0000000080a00000|100%| O|  |TAMS 0x0000000080a00000, 0x0000000080900000| Untracked 
|  10|0x0000000080a00000, 0x0000000080b00000, 0x0000000080b00000|100%| O|  |TAMS 0x0000000080b00000, 0x0000000080a00000| Untracked 
|  11|0x0000000080b00000, 0x0000000080c00000, 0x0000000080c00000|100%| O|  |TAMS 0x0000000080c00000, 0x0000000080b00000| Untracked 
|  12|0x0000000080c00000, 0x0000000080d00000, 0x0000000080d00000|100%| O|  |TAMS 0x0000000080d00000, 0x0000000080c00000| Untracked 
|  13|0x0000000080d00000, 0x0000000080e00000, 0x0000000080e00000|100%| O|  |TAMS 0x0000000080e00000, 0x0000000080d00000| Untracked 
|  14|0x0000000080e00000, 0x0000000080f00000, 0x0000000080f00000|100%| O|  |TAMS 0x0000000080f00000, 0x0000000080e00000| Untracked 
|  15|0x0000000080f00000, 0x0000000081000000, 0x0000000081000000|100%| O|  |TAMS 0x0000000081000000, 0x0000000080f00000| Untracked 
|  16|0x0000000081000000, 0x0000000081100000, 0x0000000081100000|100%| O|  |TAMS 0x0000000081100000, 0x0000000081000000| Untracked 
|  17|0x0000000081100000, 0x0000000081200000, 0x0000000081200000|100%| O|  |TAMS 0x0000000081200000, 0x0000000081100000| Untracked 
|  18|0x0000000081200000, 0x0000000081300000, 0x0000000081300000|100%| O|  |TAMS 0x0000000081300000, 0x0000000081200000| Untracked 
|  19|0x0000000081300000, 0x0000000081400000, 0x0000000081400000|100%| O|  |TAMS 0x0000000081400000, 0x0000000081300000| Untracked 
|  20|0x0000000081400000, 0x0000000081500000, 0x0000000081500000|100%| O|  |TAMS 0x0000000081500000, 0x0000000081400000| Untracked 
|  21|0x0000000081500000, 0x0000000081600000, 0x0000000081600000|100%| O|  |TAMS 0x0000000081600000, 0x0000000081500000| Untracked 
|  22|0x0000000081600000, 0x0000000081700000, 0x0000000081700000|100%| O|  |TAMS 0x0000000081700000, 0x0000000081600000| Untracked 
|  23|0x0000000081700000, 0x0000000081800000, 0x0000000081800000|100%| O|  |TAMS 0x0000000081800000, 0x0000000081700000| Untracked 
|  24|0x0000000081800000, 0x0000000081900000, 0x0000000081900000|100%| O|  |TAMS 0x0000000081900000, 0x0000000081800000| Untracked 
|  25|0x0000000081900000, 0x0000000081a00000, 0x0000000081a00000|100%| O|  |TAMS 0x0000000081a00000, 0x0000000081900000| Untracked 
|  26|0x0000000081a00000, 0x0000000081b00000, 0x0000000081b00000|100%| O|  |TAMS 0x0000000081b00000, 0x0000000081a00000| Untracked 
|  27|0x0000000081b00000, 0x0000000081c00000, 0x0000000081c00000|100%| O|  |TAMS 0x0000000081c00000, 0x0000000081b00000| Untracked 
|  28|0x0000000081c00000, 0x0000000081d00000, 0x0000000081d00000|100%| O|  |TAMS 0x0000000081d00000, 0x0000000081c00000| Untracked 
|  29|0x0000000081d00000, 0x0000000081e00000, 0x0000000081e00000|100%| O|  |TAMS 0x0000000081e00000, 0x0000000081d00000| Untracked 
|  30|0x0000000081e00000, 0x0000000081f00000, 0x0000000081f00000|100%| O|  |TAMS 0x0000000081f00000, 0x0000000081e00000| Untracked 
|  31|0x0000000081f00000, 0x0000000082000000, 0x0000000082000000|100%| O|  |TAMS 0x0000000082000000, 0x0000000081f00000| Untracked 
|  32|0x0000000082000000, 0x0000000082100000, 0x0000000082100000|100%| O|  |TAMS 0x0000000082100000, 0x0000000082000000| Untracked 
|  33|0x0000000082100000, 0x0000000082200000, 0x0000000082200000|100%| O|  |TAMS 0x0000000082200000, 0x0000000082100000| Untracked 
|  34|0x0000000082200000, 0x0000000082300000, 0x0000000082300000|100%| O|  |TAMS 0x0000000082300000, 0x0000000082200000| Untracked 
|  35|0x0000000082300000, 0x0000000082400000, 0x0000000082400000|100%| O|  |TAMS 0x0000000082400000, 0x0000000082300000| Untracked 
|  36|0x0000000082400000, 0x0000000082500000, 0x0000000082500000|100%| O|  |TAMS 0x0000000082500000, 0x0000000082400000| Untracked 
|  37|0x0000000082500000, 0x0000000082600000, 0x0000000082600000|100%|HS|  |TAMS 0x0000000082600000, 0x0000000082500000| Complete 
|  38|0x0000000082600000, 0x0000000082700000, 0x0000000082700000|100%|HC|  |TAMS 0x0000000082700000, 0x0000000082600000| Complete 
|  39|0x0000000082700000, 0x0000000082800000, 0x0000000082800000|100%|HS|  |TAMS 0x0000000082800000, 0x0000000082700000| Complete 
|  40|0x0000000082800000, 0x0000000082900000, 0x0000000082900000|100%|HC|  |TAMS 0x0000000082900000, 0x0000000082800000| Complete 
|  41|0x0000000082900000, 0x0000000082a00000, 0x0000000082a00000|100%| O|  |TAMS 0x0000000082a00000, 0x0000000082900000| Untracked 
|  42|0x0000000082a00000, 0x0000000082b00000, 0x0000000082b00000|100%| O|  |TAMS 0x0000000082b00000, 0x0000000082a00000| Untracked 
|  43|0x0000000082b00000, 0x0000000082c00000, 0x0000000082c00000|100%| O|  |TAMS 0x0000000082c00000, 0x0000000082b00000| Untracked 
|  44|0x0000000082c00000, 0x0000000082d00000, 0x0000000082d00000|100%| O|  |TAMS 0x0000000082d00000, 0x0000000082c00000| Untracked 
|  45|0x0000000082d00000, 0x0000000082e00000, 0x0000000082e00000|100%|HS|  |TAMS 0x0000000082e00000, 0x0000000082d00000| Complete 
|  46|0x0000000082e00000, 0x0000000082f00000, 0x0000000082f00000|100%|HC|  |TAMS 0x0000000082f00000, 0x0000000082e00000| Complete 
|  47|0x0000000082f00000, 0x0000000083000000, 0x0000000083000000|100%|HC|  |TAMS 0x0000000083000000, 0x0000000082f00000| Complete 
|  48|0x0000000083000000, 0x0000000083100000, 0x0000000083100000|100%|HC|  |TAMS 0x0000000083100000, 0x0000000083000000| Complete 
|  49|0x0000000083100000, 0x0000000083200000, 0x0000000083200000|100%| O|  |TAMS 0x0000000083200000, 0x0000000083100000| Untracked 
|  50|0x0000000083200000, 0x0000000083300000, 0x0000000083300000|100%| O|  |TAMS 0x0000000083300000, 0x0000000083200000| Untracked 
|  51|0x0000000083300000, 0x0000000083400000, 0x0000000083400000|100%| O|  |TAMS 0x0000000083400000, 0x0000000083300000| Untracked 
|  52|0x0000000083400000, 0x0000000083500000, 0x0000000083500000|100%| O|  |TAMS 0x0000000083500000, 0x0000000083400000| Untracked 
|  53|0x0000000083500000, 0x0000000083600000, 0x0000000083600000|100%| O|  |TAMS 0x0000000083600000, 0x0000000083500000| Untracked 
|  54|0x0000000083600000, 0x0000000083700000, 0x0000000083700000|100%|HS|  |TAMS 0x0000000083700000, 0x0000000083600000| Complete 
|  55|0x0000000083700000, 0x0000000083800000, 0x0000000083800000|100%|HC|  |TAMS 0x0000000083800000, 0x0000000083700000| Complete 
|  56|0x0000000083800000, 0x0000000083900000, 0x0000000083900000|100%|HC|  |TAMS 0x0000000083900000, 0x0000000083800000| Complete 
|  57|0x0000000083900000, 0x0000000083a00000, 0x0000000083a00000|100%|HC|  |TAMS 0x0000000083a00000, 0x0000000083900000| Complete 
|  58|0x0000000083a00000, 0x0000000083b00000, 0x0000000083b00000|100%| O|  |TAMS 0x0000000083b00000, 0x0000000083a00000| Untracked 
|  59|0x0000000083b00000, 0x0000000083c00000, 0x0000000083c00000|100%| O|  |TAMS 0x0000000083c00000, 0x0000000083b00000| Untracked 
|  60|0x0000000083c00000, 0x0000000083d00000, 0x0000000083d00000|100%| O|  |TAMS 0x0000000083d00000, 0x0000000083c00000| Untracked 
|  61|0x0000000083d00000, 0x0000000083e00000, 0x0000000083e00000|100%| O|  |TAMS 0x0000000083e00000, 0x0000000083d00000| Untracked 
|  62|0x0000000083e00000, 0x0000000083f00000, 0x0000000083f00000|100%| O|  |TAMS 0x0000000083f00000, 0x0000000083e00000| Untracked 
|  63|0x0000000083f00000, 0x0000000084000000, 0x0000000084000000|100%| O|  |TAMS 0x0000000084000000, 0x0000000083f00000| Untracked 
|  64|0x0000000084000000, 0x0000000084100000, 0x0000000084100000|100%| O|  |TAMS 0x0000000084100000, 0x0000000084000000| Untracked 
|  65|0x0000000084100000, 0x0000000084200000, 0x0000000084200000|100%| O|  |TAMS 0x0000000084200000, 0x0000000084100000| Untracked 
|  66|0x0000000084200000, 0x0000000084300000, 0x0000000084300000|100%| O|  |TAMS 0x0000000084300000, 0x0000000084200000| Untracked 
|  67|0x0000000084300000, 0x0000000084400000, 0x0000000084400000|100%| O|  |TAMS 0x0000000084400000, 0x0000000084300000| Untracked 
|  68|0x0000000084400000, 0x0000000084500000, 0x0000000084500000|100%|HS|  |TAMS 0x0000000084500000, 0x0000000084400000| Complete 
|  69|0x0000000084500000, 0x0000000084600000, 0x0000000084600000|100%|HS|  |TAMS 0x0000000084600000, 0x0000000084500000| Complete 
|  70|0x0000000084600000, 0x0000000084700000, 0x0000000084700000|100%|HS|  |TAMS 0x0000000084700000, 0x0000000084600000| Complete 
|  71|0x0000000084700000, 0x0000000084800000, 0x0000000084800000|100%| O|  |TAMS 0x0000000084800000, 0x0000000084700000| Untracked 
|  72|0x0000000084800000, 0x0000000084900000, 0x0000000084900000|100%|HS|  |TAMS 0x0000000084900000, 0x0000000084800000| Complete 
|  73|0x0000000084900000, 0x0000000084a00000, 0x0000000084a00000|100%| O|  |TAMS 0x0000000084a00000, 0x0000000084900000| Untracked 
|  74|0x0000000084a00000, 0x0000000084b00000, 0x0000000084b00000|100%| O|  |TAMS 0x0000000084b00000, 0x0000000084a00000| Untracked 
|  75|0x0000000084b00000, 0x0000000084c00000, 0x0000000084c00000|100%| O|  |TAMS 0x0000000084c00000, 0x0000000084b00000| Untracked 
|  76|0x0000000084c00000, 0x0000000084d00000, 0x0000000084d00000|100%| O|  |TAMS 0x0000000084d00000, 0x0000000084c00000| Untracked 
|  77|0x0000000084d00000, 0x0000000084d00000, 0x0000000084e00000|  0%| F|  |TAMS 0x0000000084d00000, 0x0000000084d00000| Untracked 
|  78|0x0000000084e00000, 0x0000000084f00000, 0x0000000084f00000|100%| O|  |TAMS 0x0000000084f00000, 0x0000000084e00000| Untracked 
|  79|0x0000000084f00000, 0x0000000085000000, 0x0000000085000000|100%| O|  |TAMS 0x0000000085000000, 0x0000000084f00000| Untracked 
|  80|0x0000000085000000, 0x0000000085100000, 0x0000000085100000|100%| O|  |TAMS 0x0000000085100000, 0x0000000085000000| Untracked 
|  81|0x0000000085100000, 0x0000000085200000, 0x0000000085200000|100%| O|  |TAMS 0x0000000085200000, 0x0000000085100000| Untracked 
|  82|0x0000000085200000, 0x0000000085300000, 0x0000000085300000|100%| O|  |TAMS 0x0000000085300000, 0x0000000085200000| Untracked 
|  83|0x0000000085300000, 0x0000000085300000, 0x0000000085400000|  0%| F|  |TAMS 0x0000000085300000, 0x0000000085300000| Untracked 
|  84|0x0000000085400000, 0x0000000085400000, 0x0000000085500000|  0%| F|  |TAMS 0x0000000085400000, 0x0000000085400000| Untracked 
|  85|0x0000000085500000, 0x0000000085500000, 0x0000000085600000|  0%| F|  |TAMS 0x0000000085500000, 0x0000000085500000| Untracked 
|  86|0x0000000085600000, 0x0000000085700000, 0x0000000085700000|100%| O|  |TAMS 0x0000000085700000, 0x0000000085600000| Untracked 
|  87|0x0000000085700000, 0x0000000085800000, 0x0000000085800000|100%|HS|  |TAMS 0x0000000085800000, 0x0000000085700000| Complete 
|  88|0x0000000085800000, 0x0000000085809000, 0x0000000085900000|  3%| O|  |TAMS 0x0000000085809000, 0x0000000085800000| Untracked 
|  89|0x0000000085900000, 0x0000000085900000, 0x0000000085a00000|  0%| F|  |TAMS 0x0000000085900000, 0x0000000085900000| Untracked 
|  90|0x0000000085a00000, 0x0000000085a00000, 0x0000000085b00000|  0%| F|  |TAMS 0x0000000085a00000, 0x0000000085a00000| Untracked 
|  91|0x0000000085b00000, 0x0000000085b00000, 0x0000000085c00000|  0%| F|  |TAMS 0x0000000085b00000, 0x0000000085b00000| Untracked 
|  92|0x0000000085c00000, 0x0000000085c00000, 0x0000000085d00000|  0%| F|  |TAMS 0x0000000085c00000, 0x0000000085c00000| Untracked 
|  93|0x0000000085d00000, 0x0000000085d00000, 0x0000000085e00000|  0%| F|  |TAMS 0x0000000085d00000, 0x0000000085d00000| Untracked 
|  94|0x0000000085e00000, 0x0000000085e00000, 0x0000000085f00000|  0%| F|  |TAMS 0x0000000085e00000, 0x0000000085e00000| Untracked 
|  95|0x0000000085f00000, 0x0000000085f00000, 0x0000000086000000|  0%| F|  |TAMS 0x0000000085f00000, 0x0000000085f00000| Untracked 
|  96|0x0000000086000000, 0x0000000086000000, 0x0000000086100000|  0%| F|  |TAMS 0x0000000086000000, 0x0000000086000000| Untracked 
|  97|0x0000000086100000, 0x0000000086100000, 0x0000000086200000|  0%| F|  |TAMS 0x0000000086100000, 0x0000000086100000| Untracked 
|  98|0x0000000086200000, 0x0000000086200000, 0x0000000086300000|  0%| F|  |TAMS 0x0000000086200000, 0x0000000086200000| Untracked 
|  99|0x0000000086300000, 0x0000000086300000, 0x0000000086400000|  0%| F|  |TAMS 0x0000000086300000, 0x0000000086300000| Untracked 
| 100|0x0000000086400000, 0x0000000086400000, 0x0000000086500000|  0%| F|  |TAMS 0x0000000086400000, 0x0000000086400000| Untracked 
| 101|0x0000000086500000, 0x0000000086500000, 0x0000000086600000|  0%| F|  |TAMS 0x0000000086500000, 0x0000000086500000| Untracked 
| 102|0x0000000086600000, 0x0000000086600000, 0x0000000086700000|  0%| F|  |TAMS 0x0000000086600000, 0x0000000086600000| Untracked 
| 103|0x0000000086700000, 0x0000000086700000, 0x0000000086800000|  0%| F|  |TAMS 0x0000000086700000, 0x0000000086700000| Untracked 
| 104|0x0000000086800000, 0x0000000086800000, 0x0000000086900000|  0%| F|  |TAMS 0x0000000086800000, 0x0000000086800000| Untracked 
| 105|0x0000000086900000, 0x0000000086900000, 0x0000000086a00000|  0%| F|  |TAMS 0x0000000086900000, 0x0000000086900000| Untracked 
| 106|0x0000000086a00000, 0x0000000086a00000, 0x0000000086b00000|  0%| F|  |TAMS 0x0000000086a00000, 0x0000000086a00000| Untracked 
| 107|0x0000000086b00000, 0x0000000086b00000, 0x0000000086c00000|  0%| F|  |TAMS 0x0000000086b00000, 0x0000000086b00000| Untracked 
| 108|0x0000000086c00000, 0x0000000086c00000, 0x0000000086d00000|  0%| F|  |TAMS 0x0000000086c00000, 0x0000000086c00000| Untracked 
| 109|0x0000000086d00000, 0x0000000086d00000, 0x0000000086e00000|  0%| F|  |TAMS 0x0000000086d00000, 0x0000000086d00000| Untracked 
| 110|0x0000000086e00000, 0x0000000086e00000, 0x0000000086f00000|  0%| F|  |TAMS 0x0000000086e00000, 0x0000000086e00000| Untracked 
| 111|0x0000000086f00000, 0x0000000086f00000, 0x0000000087000000|  0%| F|  |TAMS 0x0000000086f00000, 0x0000000086f00000| Untracked 
| 112|0x0000000087000000, 0x0000000087000000, 0x0000000087100000|  0%| F|  |TAMS 0x0000000087000000, 0x0000000087000000| Untracked 
| 113|0x0000000087100000, 0x0000000087100000, 0x0000000087200000|  0%| F|  |TAMS 0x0000000087100000, 0x0000000087100000| Untracked 
| 114|0x0000000087200000, 0x0000000087200000, 0x0000000087300000|  0%| F|  |TAMS 0x0000000087200000, 0x0000000087200000| Untracked 
| 115|0x0000000087300000, 0x0000000087300000, 0x0000000087400000|  0%| F|  |TAMS 0x0000000087300000, 0x0000000087300000| Untracked 
| 116|0x0000000087400000, 0x0000000087400000, 0x0000000087500000|  0%| F|  |TAMS 0x0000000087400000, 0x0000000087400000| Untracked 
| 117|0x0000000087500000, 0x0000000087500000, 0x0000000087600000|  0%| F|  |TAMS 0x0000000087500000, 0x0000000087500000| Untracked 
| 118|0x0000000087600000, 0x0000000087600000, 0x0000000087700000|  0%| F|  |TAMS 0x0000000087600000, 0x0000000087600000| Untracked 
| 119|0x0000000087700000, 0x0000000087700000, 0x0000000087800000|  0%| F|  |TAMS 0x0000000087700000, 0x0000000087700000| Untracked 
| 120|0x0000000087800000, 0x0000000087800000, 0x0000000087900000|  0%| F|  |TAMS 0x0000000087800000, 0x0000000087800000| Untracked 
| 121|0x0000000087900000, 0x0000000087900000, 0x0000000087a00000|  0%| F|  |TAMS 0x0000000087900000, 0x0000000087900000| Untracked 
| 122|0x0000000087a00000, 0x0000000087a00000, 0x0000000087b00000|  0%| F|  |TAMS 0x0000000087a00000, 0x0000000087a00000| Untracked 
| 123|0x0000000087b00000, 0x0000000087b00000, 0x0000000087c00000|  0%| F|  |TAMS 0x0000000087b00000, 0x0000000087b00000| Untracked 
| 124|0x0000000087c00000, 0x0000000087c00000, 0x0000000087d00000|  0%| F|  |TAMS 0x0000000087c00000, 0x0000000087c00000| Untracked 
| 125|0x0000000087d00000, 0x0000000087d00000, 0x0000000087e00000|  0%| F|  |TAMS 0x0000000087d00000, 0x0000000087d00000| Untracked 
| 126|0x0000000087e00000, 0x0000000087e00000, 0x0000000087f00000|  0%| F|  |TAMS 0x0000000087e00000, 0x0000000087e00000| Untracked 
| 127|0x0000000087f00000, 0x0000000087f00000, 0x0000000088000000|  0%| F|  |TAMS 0x0000000087f00000, 0x0000000087f00000| Untracked 
| 128|0x0000000088000000, 0x0000000088000000, 0x0000000088100000|  0%| F|  |TAMS 0x0000000088000000, 0x0000000088000000| Untracked 
| 129|0x0000000088100000, 0x0000000088100000, 0x0000000088200000|  0%| F|  |TAMS 0x0000000088100000, 0x0000000088100000| Untracked 
| 130|0x0000000088200000, 0x0000000088200000, 0x0000000088300000|  0%| F|  |TAMS 0x0000000088200000, 0x0000000088200000| Untracked 
| 131|0x0000000088300000, 0x0000000088300000, 0x0000000088400000|  0%| F|  |TAMS 0x0000000088300000, 0x0000000088300000| Untracked 
| 132|0x0000000088400000, 0x0000000088400000, 0x0000000088500000|  0%| F|  |TAMS 0x0000000088400000, 0x0000000088400000| Untracked 
| 133|0x0000000088500000, 0x0000000088500000, 0x0000000088600000|  0%| F|  |TAMS 0x0000000088500000, 0x0000000088500000| Untracked 
| 134|0x0000000088600000, 0x0000000088600000, 0x0000000088700000|  0%| F|  |TAMS 0x0000000088600000, 0x0000000088600000| Untracked 
| 135|0x0000000088700000, 0x0000000088700000, 0x0000000088800000|  0%| F|  |TAMS 0x0000000088700000, 0x0000000088700000| Untracked 
| 136|0x0000000088800000, 0x0000000088800000, 0x0000000088900000|  0%| F|  |TAMS 0x0000000088800000, 0x0000000088800000| Untracked 
| 137|0x0000000088900000, 0x0000000088900000, 0x0000000088a00000|  0%| F|  |TAMS 0x0000000088900000, 0x0000000088900000| Untracked 
| 138|0x0000000088a00000, 0x0000000088a00000, 0x0000000088b00000|  0%| F|  |TAMS 0x0000000088a00000, 0x0000000088a00000| Untracked 
| 139|0x0000000088b00000, 0x0000000088b00000, 0x0000000088c00000|  0%| F|  |TAMS 0x0000000088b00000, 0x0000000088b00000| Untracked 
| 140|0x0000000088c00000, 0x0000000088c00000, 0x0000000088d00000|  0%| F|  |TAMS 0x0000000088c00000, 0x0000000088c00000| Untracked 
| 141|0x0000000088d00000, 0x0000000088d91138, 0x0000000088e00000| 56%| E|  |TAMS 0x0000000088d00000, 0x0000000088d00000| Complete 
| 142|0x0000000088e00000, 0x0000000088f00000, 0x0000000088f00000|100%| E|CS|TAMS 0x0000000088e00000, 0x0000000088e00000| Complete 
| 143|0x0000000088f00000, 0x0000000088fae960, 0x0000000089000000| 68%| S|CS|TAMS 0x0000000088f00000, 0x0000000088f00000| Complete 
| 144|0x0000000089000000, 0x0000000089100000, 0x0000000089100000|100%| S|CS|TAMS 0x0000000089000000, 0x0000000089000000| Complete 
| 145|0x0000000089100000, 0x0000000089200000, 0x0000000089200000|100%| S|CS|TAMS 0x0000000089100000, 0x0000000089100000| Complete 
| 146|0x0000000089200000, 0x0000000089300000, 0x0000000089300000|100%| S|CS|TAMS 0x0000000089200000, 0x0000000089200000| Complete 
| 147|0x0000000089300000, 0x0000000089400000, 0x0000000089400000|100%| E|CS|TAMS 0x0000000089300000, 0x0000000089300000| Complete 
| 148|0x0000000089400000, 0x0000000089500000, 0x0000000089500000|100%| E|CS|TAMS 0x0000000089400000, 0x0000000089400000| Complete 
| 149|0x0000000089500000, 0x0000000089600000, 0x0000000089600000|100%| E|CS|TAMS 0x0000000089500000, 0x0000000089500000| Complete 
| 150|0x0000000089600000, 0x0000000089700000, 0x0000000089700000|100%| E|CS|TAMS 0x0000000089600000, 0x0000000089600000| Complete 
| 151|0x0000000089700000, 0x0000000089800000, 0x0000000089800000|100%| E|CS|TAMS 0x0000000089700000, 0x0000000089700000| Complete 
| 152|0x0000000089800000, 0x0000000089900000, 0x0000000089900000|100%| E|CS|TAMS 0x0000000089800000, 0x0000000089800000| Complete 
| 153|0x0000000089900000, 0x0000000089a00000, 0x0000000089a00000|100%| E|CS|TAMS 0x0000000089900000, 0x0000000089900000| Complete 
| 154|0x0000000089a00000, 0x0000000089b00000, 0x0000000089b00000|100%| E|CS|TAMS 0x0000000089a00000, 0x0000000089a00000| Complete 
| 155|0x0000000089b00000, 0x0000000089c00000, 0x0000000089c00000|100%| E|CS|TAMS 0x0000000089b00000, 0x0000000089b00000| Complete 
| 156|0x0000000089c00000, 0x0000000089d00000, 0x0000000089d00000|100%| E|CS|TAMS 0x0000000089c00000, 0x0000000089c00000| Complete 
| 157|0x0000000089d00000, 0x0000000089e00000, 0x0000000089e00000|100%| E|CS|TAMS 0x0000000089d00000, 0x0000000089d00000| Complete 
| 158|0x0000000089e00000, 0x0000000089f00000, 0x0000000089f00000|100%| E|CS|TAMS 0x0000000089e00000, 0x0000000089e00000| Complete 
| 159|0x0000000089f00000, 0x000000008a000000, 0x000000008a000000|100%| E|CS|TAMS 0x0000000089f00000, 0x0000000089f00000| Complete 
| 160|0x000000008a000000, 0x000000008a100000, 0x000000008a100000|100%| E|CS|TAMS 0x000000008a000000, 0x000000008a000000| Complete 
| 161|0x000000008a100000, 0x000000008a200000, 0x000000008a200000|100%| E|CS|TAMS 0x000000008a100000, 0x000000008a100000| Complete 
| 162|0x000000008a200000, 0x000000008a300000, 0x000000008a300000|100%| E|CS|TAMS 0x000000008a200000, 0x000000008a200000| Complete 
| 163|0x000000008a300000, 0x000000008a400000, 0x000000008a400000|100%| E|CS|TAMS 0x000000008a300000, 0x000000008a300000| Complete 
| 164|0x000000008a400000, 0x000000008a500000, 0x000000008a500000|100%| E|CS|TAMS 0x000000008a400000, 0x000000008a400000| Complete 
| 165|0x000000008a500000, 0x000000008a600000, 0x000000008a600000|100%| E|CS|TAMS 0x000000008a500000, 0x000000008a500000| Complete 
| 166|0x000000008a600000, 0x000000008a700000, 0x000000008a700000|100%| E|CS|TAMS 0x000000008a600000, 0x000000008a600000| Complete 
| 167|0x000000008a700000, 0x000000008a800000, 0x000000008a800000|100%| E|CS|TAMS 0x000000008a700000, 0x000000008a700000| Complete 
| 168|0x000000008a800000, 0x000000008a900000, 0x000000008a900000|100%| E|CS|TAMS 0x000000008a800000, 0x000000008a800000| Complete 
| 169|0x000000008a900000, 0x000000008aa00000, 0x000000008aa00000|100%| E|CS|TAMS 0x000000008a900000, 0x000000008a900000| Complete 
| 170|0x000000008aa00000, 0x000000008ab00000, 0x000000008ab00000|100%| E|CS|TAMS 0x000000008aa00000, 0x000000008aa00000| Complete 
| 171|0x000000008ab00000, 0x000000008ac00000, 0x000000008ac00000|100%| E|CS|TAMS 0x000000008ab00000, 0x000000008ab00000| Complete 
| 172|0x000000008ac00000, 0x000000008ad00000, 0x000000008ad00000|100%| E|CS|TAMS 0x000000008ac00000, 0x000000008ac00000| Complete 
| 173|0x000000008ad00000, 0x000000008ae00000, 0x000000008ae00000|100%| E|CS|TAMS 0x000000008ad00000, 0x000000008ad00000| Complete 
| 174|0x000000008ae00000, 0x000000008af00000, 0x000000008af00000|100%| E|CS|TAMS 0x000000008ae00000, 0x000000008ae00000| Complete 
| 175|0x000000008af00000, 0x000000008b000000, 0x000000008b000000|100%| E|CS|TAMS 0x000000008af00000, 0x000000008af00000| Complete 
| 176|0x000000008b000000, 0x000000008b100000, 0x000000008b100000|100%| E|CS|TAMS 0x000000008b000000, 0x000000008b000000| Complete 
| 177|0x000000008b100000, 0x000000008b200000, 0x000000008b200000|100%| E|CS|TAMS 0x000000008b100000, 0x000000008b100000| Complete 
| 178|0x000000008b200000, 0x000000008b300000, 0x000000008b300000|100%| E|CS|TAMS 0x000000008b200000, 0x000000008b200000| Complete 
| 179|0x000000008b300000, 0x000000008b400000, 0x000000008b400000|100%| E|CS|TAMS 0x000000008b300000, 0x000000008b300000| Complete 
| 180|0x000000008b400000, 0x000000008b500000, 0x000000008b500000|100%| E|CS|TAMS 0x000000008b400000, 0x000000008b400000| Complete 
| 181|0x000000008b500000, 0x000000008b600000, 0x000000008b600000|100%| E|CS|TAMS 0x000000008b500000, 0x000000008b500000| Complete 
| 238|0x000000008ee00000, 0x000000008ef00000, 0x000000008ef00000|100%| E|CS|TAMS 0x000000008ee00000, 0x000000008ee00000| Complete 
| 244|0x000000008f400000, 0x000000008f500000, 0x000000008f500000|100%| E|CS|TAMS 0x000000008f400000, 0x000000008f400000| Complete 
| 245|0x000000008f500000, 0x000000008f600000, 0x000000008f600000|100%| E|CS|TAMS 0x000000008f500000, 0x000000008f500000| Complete 
| 246|0x000000008f600000, 0x000000008f700000, 0x000000008f700000|100%| E|CS|TAMS 0x000000008f600000, 0x000000008f600000| Complete 
| 247|0x000000008f700000, 0x000000008f800000, 0x000000008f800000|100%| E|CS|TAMS 0x000000008f700000, 0x000000008f700000| Complete 

Card table byte_map: [0x00000200652c0000,0x00000200656c0000] _byte_map_base: 0x0000020064ec0000

Marking Bits (Prev, Next): (CMBitMap*) 0x000002004d83e010, (CMBitMap*) 0x000002004d83e050
 Prev Bits: [0x0000020065ac0000, 0x0000020067ac0000)
 Next Bits: [0x0000020067ac0000, 0x0000020069ac0000)

Polling page: 0x000002004b750000

Metaspace:

Usage:
  Non-class:     77.47 MB used.
      Class:     12.13 MB used.
       Both:     89.60 MB used.

Virtual space:
  Non-class space:      128.00 MB reserved,      77.88 MB ( 61%) committed,  2 nodes.
      Class space:      416.00 MB reserved,      12.44 MB (  3%) committed,  1 nodes.
             Both:      544.00 MB reserved,      90.31 MB ( 17%) committed. 

Chunk freelists:
   Non-Class:  1.63 MB
       Class:  3.45 MB
        Both:  5.08 MB

MaxMetaspaceSize: 512.00 MB
CompressedClassSpaceSize: 416.00 MB
Initial GC threshold: 21.00 MB
Current GC threshold: 148.12 MB
CDS: on
MetaspaceReclaimPolicy: balanced
 - commit_granule_bytes: 65536.
 - commit_granule_words: 8192.
 - virtual_space_node_default_size: 8388608.
 - enlarge_chunks_in_place: 1.
 - new_chunks_are_fully_committed: 0.
 - uncommit_free_chunks: 1.
 - use_allocation_guard: 0.
 - handle_deallocations: 1.


Internal statistics:

num_allocs_failed_limit: 9.
num_arena_births: 930.
num_arena_deaths: 0.
num_vsnodes_births: 3.
num_vsnodes_deaths: 0.
num_space_committed: 1445.
num_space_uncommitted: 0.
num_chunks_returned_to_freelist: 9.
num_chunks_taken_from_freelist: 4466.
num_chunk_merges: 9.
num_chunk_splits: 3071.
num_chunks_enlarged: 2159.
num_inconsistent_stats: 0.

CodeHeap 'non-profiled nmethods': size=119168Kb used=5798Kb max_used=5798Kb free=113369Kb
 bounds [0x000002005ceb0000, 0x000002005d460000, 0x0000020064310000]
CodeHeap 'profiled nmethods': size=119104Kb used=20186Kb max_used=20186Kb free=98917Kb
 bounds [0x0000020055310000, 0x00000200566d0000, 0x000002005c760000]
CodeHeap 'non-nmethods': size=7488Kb used=2987Kb max_used=4172Kb free=4500Kb
 bounds [0x000002005c760000, 0x000002005cbe0000, 0x000002005ceb0000]
 total_blobs=10952 nmethods=9992 adapters=871
 compilation: enabled
              stopped_count=0, restarted_count=0
 full_count=0

Compilation events (20 events):
Event: 46.684 Thread 0x000002006d838050 11463       3       java.beans.FeatureDescriptor::<init> (69 bytes)
Event: 46.685 Thread 0x000002006d838050 nmethod 11463 0x00000200566ae290 code [0x00000200566ae4c0, 0x00000200566aec68]
Event: 46.706 Thread 0x000002006d838050 11466       3       java.lang.reflect.Field::getFieldAccessor (35 bytes)
Event: 46.707 Thread 0x000002006d838050 nmethod 11466 0x00000200566aee90 code [0x00000200566af040, 0x00000200566af228]
Event: 46.713 Thread 0x000002006d838050 11467       3       org.codehaus.groovy.util.FastArray::get (7 bytes)
Event: 46.713 Thread 0x000002006d838050 nmethod 11467 0x00000200566af310 code [0x00000200566af4a0, 0x00000200566af5d8]
Event: 46.735 Thread 0x000002006ccbc490 11470       3       com.sun.beans.util.Cache$Kind$Soft::isStale (14 bytes)
Event: 46.736 Thread 0x000002006ccbc490 nmethod 11470 0x00000200566af690 code [0x00000200566af840, 0x00000200566afa48]
Event: 46.736 Thread 0x000002006ccbc490 11472       3       sun.reflect.generics.parser.SignatureParser::parseBounds (112 bytes)
Event: 46.737 Thread 0x000002006ccbc490 nmethod 11472 0x00000200566afb10 code [0x00000200566afde0, 0x00000200566b0e98]
Event: 46.737 Thread 0x000002007361fcf0 11469       4       org.codehaus.groovy.runtime.metaclass.MetaMethodIndex::addMethodToList (128 bytes)
Event: 46.756 Thread 0x000002007361fcf0 nmethod 11469 0x000002005d455f90 code [0x000002005d4562a0, 0x000002005d457d70]
Event: 46.756 Thread 0x000002007361fcf0 11464       4       java.util.Hashtable$Enumerator::hasMoreElements (53 bytes)
Event: 46.757 Thread 0x000002006d838050 11473       3       java.beans.PropertyDescriptor::<init> (112 bytes)
Event: 46.757 Thread 0x000002006ccbc490 11474   !   3       java.beans.PropertyDescriptor::updateGenericsFor (37 bytes)
Event: 46.758 Thread 0x000002006d838050 nmethod 11473 0x00000200566b1390 code [0x00000200566b15c0, 0x00000200566b1d08]
Event: 46.758 Thread 0x000002006ccbc490 nmethod 11474 0x00000200566b1f90 code [0x00000200566b2260, 0x00000200566b3318]
Event: 46.759 Thread 0x000002007361fcf0 nmethod 11464 0x000002005d459010 code [0x000002005d459180, 0x000002005d459418]
Event: 46.759 Thread 0x000002007361fcf0 11462   !   4       com.sun.beans.TypeResolver::resolve (264 bytes)
Event: 46.763 Thread 0x000002006d838050 11476       3       groovy.lang.MetaClassImpl::applyStrayPropertyMethods (288 bytes)

GC Heap History (20 events):
Event: 41.653 GC heap before
{Heap before GC invocations=34 (full 0):
 garbage-first heap   total 124928K, used 72588K [0x0000000080000000, 0x0000000100000000)
  region size 1024K, 3 young (3072K), 2 survivors (2048K)
 Metaspace       used 79553K, committed 80320K, reserved 557056K
  class space    used 10918K, committed 11264K, reserved 425984K
}
Event: 41.655 GC heap after
{Heap after GC invocations=35 (full 0):
 garbage-first heap   total 124928K, used 73173K [0x0000000080000000, 0x0000000100000000)
  region size 1024K, 3 young (3072K), 3 survivors (3072K)
 Metaspace       used 79553K, committed 80320K, reserved 557056K
  class space    used 10918K, committed 11264K, reserved 425984K
}
Event: 41.719 GC heap before
{Heap before GC invocations=36 (full 0):
 garbage-first heap   total 128000K, used 74197K [0x0000000080000000, 0x0000000100000000)
  region size 1024K, 4 young (4096K), 3 survivors (3072K)
 Metaspace       used 79579K, committed 80384K, reserved 557056K
  class space    used 10920K, committed 11264K, reserved 425984K
}
Event: 41.722 GC heap after
{Heap after GC invocations=37 (full 0):
 garbage-first heap   total 128000K, used 74463K [0x0000000080000000, 0x0000000100000000)
  region size 1024K, 1 young (1024K), 1 survivors (1024K)
 Metaspace       used 79579K, committed 80384K, reserved 557056K
  class space    used 10920K, committed 11264K, reserved 425984K
}
Event: 42.263 GC heap before
{Heap before GC invocations=38 (full 0):
 garbage-first heap   total 128000K, used 95967K [0x0000000080000000, 0x0000000100000000)
  region size 1024K, 22 young (22528K), 1 survivors (1024K)
 Metaspace       used 81002K, committed 81792K, reserved 557056K
  class space    used 11102K, committed 11456K, reserved 425984K
}
Event: 42.266 GC heap after
{Heap after GC invocations=39 (full 0):
 garbage-first heap   total 128000K, used 79021K [0x0000000080000000, 0x0000000100000000)
  region size 1024K, 3 young (3072K), 3 survivors (3072K)
 Metaspace       used 81002K, committed 81792K, reserved 557056K
  class space    used 11102K, committed 11456K, reserved 425984K
}
Event: 42.685 GC heap before
{Heap before GC invocations=39 (full 0):
 garbage-first heap   total 128000K, used 97453K [0x0000000080000000, 0x0000000100000000)
  region size 1024K, 22 young (22528K), 3 survivors (3072K)
 Metaspace       used 82889K, committed 83648K, reserved 557056K
  class space    used 11295K, committed 11648K, reserved 425984K
}
Event: 42.689 GC heap after
{Heap after GC invocations=40 (full 0):
 garbage-first heap   total 128000K, used 79187K [0x0000000080000000, 0x0000000100000000)
  region size 1024K, 1 young (1024K), 1 survivors (1024K)
 Metaspace       used 82889K, committed 83648K, reserved 557056K
  class space    used 11295K, committed 11648K, reserved 425984K
}
Event: 42.995 GC heap before
{Heap before GC invocations=41 (full 0):
 garbage-first heap   total 135168K, used 90451K [0x0000000080000000, 0x0000000100000000)
  region size 1024K, 14 young (14336K), 1 survivors (1024K)
 Metaspace       used 83866K, committed 84608K, reserved 557056K
  class space    used 11391K, committed 11712K, reserved 425984K
}
Event: 42.998 GC heap after
{Heap after GC invocations=42 (full 0):
 garbage-first heap   total 135168K, used 81264K [0x0000000080000000, 0x0000000100000000)
  region size 1024K, 3 young (3072K), 3 survivors (3072K)
 Metaspace       used 83866K, committed 84608K, reserved 557056K
  class space    used 11391K, committed 11712K, reserved 425984K
}
Event: 43.666 GC heap before
{Heap before GC invocations=43 (full 0):
 garbage-first heap   total 140288K, used 102768K [0x0000000080000000, 0x0000000100000000)
  region size 1024K, 25 young (25600K), 3 survivors (3072K)
 Metaspace       used 85458K, committed 86208K, reserved 557056K
  class space    used 11584K, committed 11904K, reserved 425984K
}
Event: 43.669 GC heap after
{Heap after GC invocations=44 (full 0):
 garbage-first heap   total 140288K, used 84096K [0x0000000080000000, 0x0000000100000000)
  region size 1024K, 4 young (4096K), 4 survivors (4096K)
 Metaspace       used 85458K, committed 86208K, reserved 557056K
  class space    used 11584K, committed 11904K, reserved 425984K
}
Event: 43.729 GC heap before
{Heap before GC invocations=45 (full 0):
 garbage-first heap   total 147456K, used 88192K [0x0000000080000000, 0x0000000100000000)
  region size 1024K, 8 young (8192K), 4 survivors (4096K)
 Metaspace       used 85458K, committed 86208K, reserved 557056K
  class space    used 11584K, committed 11904K, reserved 425984K
}
Event: 43.732 GC heap after
{Heap after GC invocations=46 (full 0):
 garbage-first heap   total 147456K, used 86586K [0x0000000080000000, 0x0000000100000000)
  region size 1024K, 3 young (3072K), 3 survivors (3072K)
 Metaspace       used 85458K, committed 86208K, reserved 557056K
  class space    used 11584K, committed 11904K, reserved 425984K
}
Event: 43.824 GC heap before
{Heap before GC invocations=47 (full 0):
 garbage-first heap   total 152576K, used 94778K [0x0000000080000000, 0x0000000100000000)
  region size 1024K, 9 young (9216K), 3 survivors (3072K)
 Metaspace       used 85467K, committed 86208K, reserved 557056K
  class space    used 11585K, committed 11904K, reserved 425984K
}
Event: 43.826 GC heap after
{Heap after GC invocations=48 (full 0):
 garbage-first heap   total 152576K, used 89885K [0x0000000080000000, 0x0000000100000000)
  region size 1024K, 2 young (2048K), 2 survivors (2048K)
 Metaspace       used 85467K, committed 86208K, reserved 557056K
  class space    used 11585K, committed 11904K, reserved 425984K
}
Event: 44.199 GC heap before
{Heap before GC invocations=49 (full 0):
 garbage-first heap   total 155648K, used 114461K [0x0000000080000000, 0x0000000100000000)
  region size 1024K, 24 young (24576K), 2 survivors (2048K)
 Metaspace       used 86943K, committed 87680K, reserved 557056K
  class space    used 11789K, committed 12096K, reserved 425984K
}
Event: 44.201 GC heap after
{Heap after GC invocations=50 (full 0):
 garbage-first heap   total 191488K, used 90385K [0x0000000080000000, 0x0000000100000000)
  region size 1024K, 3 young (3072K), 3 survivors (3072K)
 Metaspace       used 86943K, committed 87680K, reserved 557056K
  class space    used 11789K, committed 12096K, reserved 425984K
}
Event: 45.067 GC heap before
{Heap before GC invocations=50 (full 0):
 garbage-first heap   total 191488K, used 131345K [0x0000000080000000, 0x0000000100000000)
  region size 1024K, 43 young (44032K), 3 survivors (3072K)
 Metaspace       used 90273K, committed 91008K, reserved 557056K
  class space    used 12218K, committed 12544K, reserved 425984K
}
Event: 45.073 GC heap after
{Heap after GC invocations=51 (full 0):
 garbage-first heap   total 191488K, used 91870K [0x0000000080000000, 0x0000000100000000)
  region size 1024K, 4 young (4096K), 4 survivors (4096K)
 Metaspace       used 90273K, committed 91008K, reserved 557056K
  class space    used 12218K, committed 12544K, reserved 425984K
}

Dll operation events (15 events):
Event: 0.015 Loaded shared library C:\Program Files\Amazon Corretto\jdk17.0.14_7\bin\java.dll
Event: 0.045 Loaded shared library C:\Program Files\Amazon Corretto\jdk17.0.14_7\bin\jsvml.dll
Event: 0.086 Loaded shared library C:\Program Files\Amazon Corretto\jdk17.0.14_7\bin\zip.dll
Event: 0.088 Loaded shared library C:\Program Files\Amazon Corretto\jdk17.0.14_7\bin\instrument.dll
Event: 0.091 Loaded shared library C:\Program Files\Amazon Corretto\jdk17.0.14_7\bin\net.dll
Event: 0.092 Loaded shared library C:\Program Files\Amazon Corretto\jdk17.0.14_7\bin\nio.dll
Event: 0.096 Loaded shared library C:\Program Files\Amazon Corretto\jdk17.0.14_7\bin\zip.dll
Event: 0.281 Loaded shared library C:\Program Files\Amazon Corretto\jdk17.0.14_7\bin\jimage.dll
Event: 0.351 Loaded shared library C:\Program Files\Amazon Corretto\jdk17.0.14_7\bin\verify.dll
Event: 0.513 Loaded shared library C:\Users\LENOVO\.gradle\native\68d5fa5c4cc2d200863cafc0d521ce42e7d3e7ee720ec0a83991735586a16f82\windows-amd64\native-platform.dll
Event: 0.528 Loaded shared library C:\Users\LENOVO\.gradle\native\e376f236ea51e6404a007f0833ffe2c6e607c4080706a723a18a27aeea778392\windows-amd64\native-platform-file-events.dll
Event: 5.687 Loaded shared library C:\Program Files\Amazon Corretto\jdk17.0.14_7\bin\management.dll
Event: 5.691 Loaded shared library C:\Program Files\Amazon Corretto\jdk17.0.14_7\bin\management_ext.dll
Event: 6.549 Loaded shared library C:\Program Files\Amazon Corretto\jdk17.0.14_7\bin\extnet.dll
Event: 7.423 Loaded shared library C:\Program Files\Amazon Corretto\jdk17.0.14_7\bin\sunmscapi.dll

Deoptimization events (20 events):
Event: 45.384 Thread 0x00000200733eeb30 Uncommon trap: trap_request=0xffffffc6 fr.pc=0x000002005d15cf58 relative=0x0000000000000238
Event: 45.384 Thread 0x00000200733eeb30 Uncommon trap: reason=bimorphic_or_optimized_type_check action=maybe_recompile pc=0x000002005d15cf58 method=java.util.stream.StreamOpFlag.fromCharacteristics(Ljava/util/Spliterator;)I @ 14 c2
Event: 45.384 Thread 0x00000200733eeb30 DEOPT PACKING pc=0x000002005d15cf58 sp=0x0000008aefaf7380
Event: 45.384 Thread 0x00000200733eeb30 DEOPT UNPACKING pc=0x000002005c7b69a3 sp=0x0000008aefaf72d0 mode 2
Event: 45.587 Thread 0x00000200733eeb30 Uncommon trap: trap_request=0xfffffff4 fr.pc=0x000002005d44bbd8 relative=0x00000000000001b8
Event: 45.587 Thread 0x00000200733eeb30 Uncommon trap: reason=null_check action=make_not_entrant pc=0x000002005d44bbd8 method=java.lang.PublicMethods$MethodList.getMostSpecific()Ljava/lang/reflect/Method; @ 41 c2
Event: 45.587 Thread 0x00000200733eeb30 DEOPT PACKING pc=0x000002005d44bbd8 sp=0x0000008aefaf3ce0
Event: 45.587 Thread 0x00000200733eeb30 DEOPT UNPACKING pc=0x000002005c7b69a3 sp=0x0000008aefaf3be0 mode 2
Event: 46.703 Thread 0x00000200733eeb30 Uncommon trap: trap_request=0xffffffc6 fr.pc=0x000002005d436610 relative=0x00000000000006d0
Event: 46.703 Thread 0x00000200733eeb30 Uncommon trap: reason=bimorphic_or_optimized_type_check action=maybe_recompile pc=0x000002005d436610 method=org.codehaus.groovy.util.SingleKeyHashMap.get(Ljava/lang/Object;)Ljava/lang/Object; @ 1 c2
Event: 46.703 Thread 0x00000200733eeb30 DEOPT PACKING pc=0x000002005d436610 sp=0x0000008aefaf5be0
Event: 46.703 Thread 0x00000200733eeb30 DEOPT UNPACKING pc=0x000002005c7b69a3 sp=0x0000008aefaf5b80 mode 2
Event: 46.706 Thread 0x00000200733eeb30 Uncommon trap: trap_request=0xffffffc6 fr.pc=0x000002005d436610 relative=0x00000000000006d0
Event: 46.706 Thread 0x00000200733eeb30 Uncommon trap: reason=bimorphic_or_optimized_type_check action=maybe_recompile pc=0x000002005d436610 method=org.codehaus.groovy.util.SingleKeyHashMap.get(Ljava/lang/Object;)Ljava/lang/Object; @ 1 c2
Event: 46.706 Thread 0x00000200733eeb30 DEOPT PACKING pc=0x000002005d436610 sp=0x0000008aefaf5be0
Event: 46.706 Thread 0x00000200733eeb30 DEOPT UNPACKING pc=0x000002005c7b69a3 sp=0x0000008aefaf5b80 mode 2
Event: 46.728 Thread 0x00000200733eeb30 Uncommon trap: trap_request=0xffffffc6 fr.pc=0x000002005d176e84 relative=0x0000000000001264
Event: 46.728 Thread 0x00000200733eeb30 Uncommon trap: reason=bimorphic_or_optimized_type_check action=maybe_recompile pc=0x000002005d176e84 method=org.codehaus.groovy.runtime.metaclass.MetaMethodIndex.isOverridden(Lgroovy/lang/MetaMethod;Lgroovy/lang/MetaMethod;)Z @ 10 c2
Event: 46.728 Thread 0x00000200733eeb30 DEOPT PACKING pc=0x000002005d176e84 sp=0x0000008aefaf53b0
Event: 46.728 Thread 0x00000200733eeb30 DEOPT UNPACKING pc=0x000002005c7b69a3 sp=0x0000008aefaf5308 mode 2

Classes loaded (20 events):
Event: 43.553 Loading class java/security/cert/CertPathValidatorException$BasicReason
Event: 43.553 Loading class java/security/cert/CertPathValidatorException$Reason
Event: 43.554 Loading class java/security/cert/CertPathValidatorException$Reason done
Event: 43.554 Loading class java/security/cert/CertPathValidatorException$BasicReason done
Event: 43.639 Loading class java/util/Base64
Event: 43.648 Loading class java/util/Base64 done
Event: 43.648 Loading class java/util/Base64$Decoder
Event: 43.648 Loading class java/util/Base64$Decoder done
Event: 43.648 Loading class java/util/Base64$Encoder
Event: 43.650 Loading class java/util/Base64$Encoder done
Event: 43.650 Loading class java/util/jar/JarVerifier$VerifierStream
Event: 43.653 Loading class java/util/jar/JarVerifier$VerifierStream done
Event: 43.653 Loading class sun/security/util/ManifestEntryVerifier$SunProviderHolder
Event: 43.653 Loading class sun/security/util/ManifestEntryVerifier$SunProviderHolder done
Event: 44.535 Loading class javax/xml/stream/XMLStreamException
Event: 44.536 Loading class javax/xml/stream/XMLStreamException done
Event: 44.595 Loading class sun/reflect/annotation/AnnotationInvocationHandler$1
Event: 44.597 Loading class sun/reflect/annotation/AnnotationInvocationHandler$1 done
Event: 46.671 Loading class java/beans/IntrospectionException
Event: 46.671 Loading class java/beans/IntrospectionException done

Classes unloaded (0 events):
No events

Classes redefined (0 events):
No events

Internal exceptions (20 events):
Event: 45.612 Thread 0x00000200733eeb30 Exception <a 'java/lang/ClassNotFoundException'{0x0000000089ad2868}: com/android/builder/internal/BaseConfigImplBeanInfo> (0x0000000089ad2868) 
thrown [s\src\hotspot\share\classfile\systemDictionary.cpp, line 256]
Event: 45.612 Thread 0x00000200733eeb30 Exception <a 'java/lang/ClassNotFoundException'{0x0000000089adec58}: com/android/builder/internal/BaseConfigImplCustomizer> (0x0000000089adec58) 
thrown [s\src\hotspot\share\classfile\systemDictionary.cpp, line 256]
Event: 45.614 Thread 0x00000200733eeb30 Exception <a 'java/lang/ClassNotFoundException'{0x000000008990a828}: com/android/builder/core/AbstractProductFlavorCustomizer> (0x000000008990a828) 
thrown [s\src\hotspot\share\classfile\systemDictionary.cpp, line 256]
Event: 46.639 Thread 0x00000200733eeb30 Exception <a 'java/lang/ClassNotFoundException'{0x0000000089952800}: com/android/build/gradle/internal/dsl/BaseFlavorCustomizer> (0x0000000089952800) 
thrown [s\src\hotspot\share\classfile\systemDictionary.cpp, line 256]
Event: 46.681 Thread 0x00000200733eeb30 Exception <a 'java/lang/ClassNotFoundException'{0x00000000899c93d0}: com/android/build/gradle/internal/dsl/DefaultConfigCustomizer> (0x00000000899c93d0) 
thrown [s\src\hotspot\share\classfile\systemDictionary.cpp, line 256]
Event: 46.683 Thread 0x00000200733eeb30 Exception <a 'java/lang/ClassNotFoundException'{0x00000000899f48e8}: com/android/build/gradle/internal/dsl/DefaultConfig$AgpDecoratedCustomizer> (0x00000000899f48e8) 
thrown [s\src\hotspot\share\classfile\systemDictionary.cpp, line 256]
Event: 46.687 Thread 0x00000200733eeb30 Exception <a 'java/lang/ClassNotFoundException'{0x0000000089849c40}: com/android/build/gradle/internal/dsl/DefaultConfig$AgpDecorated_DecoratedCustomizer> (0x0000000089849c40) 
thrown [s\src\hotspot\share\classfile\systemDictionary.cpp, line 256]
Event: 46.716 Thread 0x00000200733eeb30 Exception <a 'java/lang/ClassNotFoundException'{0x000000008977b8f0}: org/gradle/api/internal/NamedDomainObjectContainerConfigureDelegateBeanInfo> (0x000000008977b8f0) 
thrown [s\src\hotspot\share\classfile\systemDictionary.cpp, line 256]
Event: 46.717 Thread 0x00000200733eeb30 Exception <a 'java/lang/ClassNotFoundException'{0x0000000089790298}: org/gradle/api/internal/NamedDomainObjectContainerConfigureDelegateCustomizer> (0x0000000089790298) 
thrown [s\src\hotspot\share\classfile\systemDictionary.cpp, line 256]
Event: 46.731 Thread 0x00000200733eeb30 Exception <a 'java/lang/ClassNotFoundException'{0x00000000895f0138}: org/gradle/api/internal/FactoryNamedDomainObjectContainer_DecoratedBeanInfo> (0x00000000895f0138) 
thrown [s\src\hotspot\share\classfile\systemDictionary.cpp, line 256]
Event: 46.731 Thread 0x00000200733eeb30 Exception <a 'java/lang/ClassNotFoundException'{0x0000000089406880}: org/gradle/api/internal/FactoryNamedDomainObjectContainerBeanInfo> (0x0000000089406880) 
thrown [s\src\hotspot\share\classfile\systemDictionary.cpp, line 256]
Event: 46.732 Thread 0x00000200733eeb30 Exception <a 'java/lang/ClassNotFoundException'{0x000000008941cd08}: org/gradle/api/internal/AbstractNamedDomainObjectContainerBeanInfo> (0x000000008941cd08) 
thrown [s\src\hotspot\share\classfile\systemDictionary.cpp, line 256]
Event: 46.733 Thread 0x00000200733eeb30 Exception <a 'java/lang/ClassNotFoundException'{0x0000000089432fe0}: org/gradle/api/internal/DefaultNamedDomainObjectSetBeanInfo> (0x0000000089432fe0) 
thrown [s\src\hotspot\share\classfile\systemDictionary.cpp, line 256]
Event: 46.735 Thread 0x00000200733eeb30 Exception <a 'java/lang/ClassNotFoundException'{0x0000000089449280}: org/gradle/api/internal/DefaultNamedDomainObjectSetCustomizer> (0x0000000089449280) 
thrown [s\src\hotspot\share\classfile\systemDictionary.cpp, line 256]
Event: 46.756 Thread 0x00000200733eeb30 Exception <a 'java/lang/ClassNotFoundException'{0x000000008948b628}: org/gradle/api/internal/AbstractNamedDomainObjectContainerCustomizer> (0x000000008948b628) 
thrown [s\src\hotspot\share\classfile\systemDictionary.cpp, line 256]
Event: 46.760 Thread 0x00000200733eeb30 Exception <a 'java/lang/ClassNotFoundException'{0x00000000894c7330}: org/gradle/api/internal/FactoryNamedDomainObjectContainerCustomizer> (0x00000000894c7330) 
thrown [s\src\hotspot\share\classfile\systemDictionary.cpp, line 256]
Event: 46.762 Thread 0x00000200733eeb30 Exception <a 'java/lang/ClassNotFoundException'{0x00000000894e6e80}: org/gradle/api/internal/FactoryNamedDomainObjectContainer_DecoratedCustomizer> (0x00000000894e6e80) 
thrown [s\src\hotspot\share\classfile\systemDictionary.cpp, line 256]
Event: 46.766 Thread 0x00000200733eeb30 Exception <a 'java/lang/ClassNotFoundException'{0x00000000893551f8}: com/android/build/gradle/internal/dsl/SigningConfig$AgpDecorated_DecoratedBeanInfo> (0x00000000893551f8) 
thrown [s\src\hotspot\share\classfile\systemDictionary.cpp, line 256]
Event: 46.767 Thread 0x00000200733eeb30 Exception <a 'java/lang/ClassNotFoundException'{0x0000000089362c20}: com/android/build/gradle/internal/dsl/SigningConfig$AgpDecoratedBeanInfo> (0x0000000089362c20) 
thrown [s\src\hotspot\share\classfile\systemDictionary.cpp, line 256]
Event: 46.767 Thread 0x00000200733eeb30 Exception <a 'java/lang/ClassNotFoundException'{0x0000000089370498}: com/android/build/gradle/internal/dsl/SigningConfigBeanInfo> (0x0000000089370498) 
thrown [s\src\hotspot\share\classfile\systemDictionary.cpp, line 256]

VM Operations (20 events):
Event: 43.769 Executing VM operation: G1PauseCleanup done
Event: 43.824 Executing VM operation: G1TryInitiateConcMark
Event: 43.826 Executing VM operation: G1TryInitiateConcMark done
Event: 43.844 Executing VM operation: G1PauseRemark
Event: 43.850 Executing VM operation: G1PauseRemark done
Event: 43.858 Executing VM operation: G1PauseCleanup
Event: 43.859 Executing VM operation: G1PauseCleanup done
Event: 44.199 Executing VM operation: G1CollectForAllocation
Event: 44.201 Executing VM operation: G1CollectForAllocation done
Event: 45.050 Executing VM operation: ICBufferFull
Event: 45.050 Executing VM operation: ICBufferFull done
Event: 45.067 Executing VM operation: G1CollectForAllocation
Event: 45.073 Executing VM operation: G1CollectForAllocation done
Event: 45.096 Executing VM operation: G1PauseRemark
Event: 45.101 Executing VM operation: G1PauseRemark done
Event: 45.110 Executing VM operation: G1PauseCleanup
Event: 45.111 Executing VM operation: G1PauseCleanup done
Event: 46.122 Executing VM operation: Cleanup
Event: 46.634 Executing VM operation: Cleanup done
Event: 47.645 Executing VM operation: Cleanup

Memory protections (0 events):
No events

Nmethod flushes (20 events):
Event: 39.754 Thread 0x000002006ccc0db0 flushing  nmethod 0x0000020055ffcb90
Event: 39.754 Thread 0x000002006ccc0db0 flushing  nmethod 0x0000020056065910
Event: 39.754 Thread 0x000002006ccc0db0 flushing  nmethod 0x0000020056069390
Event: 39.754 Thread 0x000002006ccc0db0 flushing  nmethod 0x0000020056069710
Event: 39.754 Thread 0x000002006ccc0db0 flushing  nmethod 0x000002005607a410
Event: 39.754 Thread 0x000002006ccc0db0 flushing  nmethod 0x0000020056082290
Event: 39.754 Thread 0x000002006ccc0db0 flushing  nmethod 0x000002005608ce10
Event: 39.754 Thread 0x000002006ccc0db0 flushing  nmethod 0x000002005613f190
Event: 39.754 Thread 0x000002006ccc0db0 flushing  nmethod 0x0000020056155a10
Event: 39.755 Thread 0x000002006ccc0db0 flushing  nmethod 0x0000020056173710
Event: 39.755 Thread 0x000002006ccc0db0 flushing  nmethod 0x00000200561c9810
Event: 39.755 Thread 0x000002006ccc0db0 flushing  nmethod 0x00000200561d0b90
Event: 39.755 Thread 0x000002006ccc0db0 flushing  nmethod 0x00000200561db490
Event: 39.755 Thread 0x000002006ccc0db0 flushing  nmethod 0x00000200561e2490
Event: 39.755 Thread 0x000002006ccc0db0 flushing  nmethod 0x00000200561e6890
Event: 39.755 Thread 0x000002006ccc0db0 flushing  nmethod 0x00000200561edb90
Event: 39.755 Thread 0x000002006ccc0db0 flushing  nmethod 0x00000200561fc210
Event: 39.755 Thread 0x000002006ccc0db0 flushing  nmethod 0x0000020056203090
Event: 39.755 Thread 0x000002006ccc0db0 flushing  nmethod 0x0000020056204890
Event: 39.755 Thread 0x000002006ccc0db0 flushing  nmethod 0x00000200562cb690

Events (20 events):
Event: 41.284 Thread 0x00000200733eeb30 Thread added: 0x0000020077052e10
Event: 41.285 Thread 0x00000200733eeb30 Thread added: 0x0000020077053320
Event: 41.285 Thread 0x00000200733eeb30 Thread added: 0x0000020077055180
Event: 41.285 Thread 0x00000200733eeb30 Thread added: 0x0000020077055690
Event: 41.285 Thread 0x00000200733eeb30 Thread added: 0x0000020077053830
Event: 41.285 Thread 0x00000200733eeb30 Thread added: 0x0000020077054c70
Event: 41.287 Thread 0x00000200733eeb30 Thread added: 0x0000020077054250
Event: 41.287 Thread 0x00000200733eeb30 Thread added: 0x0000020077054760
Event: 41.287 Thread 0x00000200733eeb30 Thread added: 0x0000020077053d40
Event: 41.287 Thread 0x00000200733eeb30 Thread added: 0x0000020075eb88e0
Event: 41.287 Thread 0x00000200733eeb30 Thread added: 0x0000020075eb8df0
Event: 41.288 Thread 0x00000200733eeb30 Thread added: 0x0000020075eb6f90
Event: 41.288 Thread 0x00000200733eeb30 Thread added: 0x0000020075eb6a80
Event: 41.649 Thread 0x000002007c49a070 Thread exited: 0x000002007c49a070
Event: 43.559 Thread 0x0000020076926460 Thread added: 0x000002007361f7a0
Event: 44.047 Thread 0x000002007361f7a0 Thread exited: 0x000002007361f7a0
Event: 45.582 Thread 0x000002006ccbb3e0 Thread added: 0x000002007361dd10
Event: 46.638 Thread 0x0000020076926460 Thread exited: 0x0000020076926460
Event: 46.638 Thread 0x000002006d54afa0 Thread exited: 0x000002006d54afa0
Event: 46.737 Thread 0x000002006ccbc490 Thread added: 0x000002007361fcf0


Dynamic libraries:
0x00007ff601fc0000 - 0x00007ff601fce000 	C:\Program Files\Amazon Corretto\jdk17.0.14_7\bin\java.exe
0x00007ff843680000 - 0x00007ff8438e0000 	C:\WINDOWS\SYSTEM32\ntdll.dll
0x00007ff841d10000 - 0x00007ff841dd7000 	C:\WINDOWS\System32\KERNEL32.DLL
0x00007ff8409a0000 - 0x00007ff840d6a000 	C:\WINDOWS\System32\KERNELBASE.dll
0x00007ff840e10000 - 0x00007ff840f5b000 	C:\WINDOWS\System32\ucrtbase.dll
0x00007ff828a40000 - 0x00007ff828a57000 	C:\Program Files\Amazon Corretto\jdk17.0.14_7\bin\jli.dll
0x00007ff829090000 - 0x00007ff8290ab000 	C:\Program Files\Amazon Corretto\jdk17.0.14_7\bin\VCRUNTIME140.dll
0x00007ff841e00000 - 0x00007ff841fcc000 	C:\WINDOWS\System32\USER32.dll
0x00007ff841210000 - 0x00007ff841237000 	C:\WINDOWS\System32\win32u.dll
0x00007ff836520000 - 0x00007ff8367b7000 	C:\WINDOWS\WinSxS\amd64_microsoft.windows.common-controls_6595b64144ccf1df_6.0.26100.3624_none_3e086962e3345f24\COMCTL32.dll
0x00007ff843030000 - 0x00007ff84305a000 	C:\WINDOWS\System32\GDI32.dll
0x00007ff840860000 - 0x00007ff840991000 	C:\WINDOWS\System32\gdi32full.dll
0x00007ff842250000 - 0x00007ff8422f9000 	C:\WINDOWS\System32\msvcrt.dll
0x00007ff8410d0000 - 0x00007ff841173000 	C:\WINDOWS\System32\msvcp_win.dll
0x00007ff841b10000 - 0x00007ff841b3f000 	C:\WINDOWS\System32\IMM32.DLL
0x00007ff835f90000 - 0x00007ff835f9c000 	C:\Program Files\Amazon Corretto\jdk17.0.14_7\bin\vcruntime140_1.dll
0x00007ff81ae80000 - 0x00007ff81af0d000 	C:\Program Files\Amazon Corretto\jdk17.0.14_7\bin\msvcp140.dll
0x00007fff93930000 - 0x00007fff9459c000 	C:\Program Files\Amazon Corretto\jdk17.0.14_7\bin\server\jvm.dll
0x00007ff842060000 - 0x00007ff842112000 	C:\WINDOWS\System32\ADVAPI32.dll
0x00007ff842560000 - 0x00007ff842606000 	C:\WINDOWS\System32\sechost.dll
0x00007ff842120000 - 0x00007ff842236000 	C:\WINDOWS\System32\RPCRT4.dll
0x00007ff842300000 - 0x00007ff842374000 	C:\WINDOWS\System32\WS2_32.dll
0x00007ff83f4a0000 - 0x00007ff83f4fe000 	C:\WINDOWS\SYSTEM32\POWRPROF.dll
0x00007ff83d500000 - 0x00007ff83d536000 	C:\WINDOWS\SYSTEM32\WINMM.dll
0x00007ff82c380000 - 0x00007ff82c38b000 	C:\WINDOWS\SYSTEM32\VERSION.dll
0x00007ff83f480000 - 0x00007ff83f494000 	C:\WINDOWS\SYSTEM32\UMPDC.dll
0x00007ff83f770000 - 0x00007ff83f78a000 	C:\WINDOWS\SYSTEM32\kernel.appcore.dll
0x00007ff833690000 - 0x00007ff83369a000 	C:\Program Files\Amazon Corretto\jdk17.0.14_7\bin\jimage.dll
0x00007ff83e0e0000 - 0x00007ff83e321000 	C:\WINDOWS\SYSTEM32\DBGHELP.DLL
0x00007ff8416d0000 - 0x00007ff841a52000 	C:\WINDOWS\System32\combase.dll
0x00007ff841bd0000 - 0x00007ff841ca6000 	C:\WINDOWS\System32\OLEAUT32.dll
0x00007ff804f40000 - 0x00007ff804f79000 	C:\WINDOWS\SYSTEM32\dbgcore.DLL
0x00007ff840d70000 - 0x00007ff840e09000 	C:\WINDOWS\System32\bcryptPrimitives.dll
0x00007ff828a30000 - 0x00007ff828a3e000 	C:\Program Files\Amazon Corretto\jdk17.0.14_7\bin\instrument.dll
0x00007ff822ed0000 - 0x00007ff822ef5000 	C:\Program Files\Amazon Corretto\jdk17.0.14_7\bin\java.dll
0x00007ff815780000 - 0x00007ff815857000 	C:\Program Files\Amazon Corretto\jdk17.0.14_7\bin\jsvml.dll
0x00007ff8427b0000 - 0x00007ff842ed9000 	C:\WINDOWS\System32\SHELL32.dll
0x00007ff840f60000 - 0x00007ff8410c8000 	C:\WINDOWS\System32\wintypes.dll
0x00007ff83e4f0000 - 0x00007ff83ed42000 	C:\WINDOWS\SYSTEM32\windows.storage.dll
0x00007ff843550000 - 0x00007ff84363d000 	C:\WINDOWS\System32\SHCORE.dll
0x00007ff841480000 - 0x00007ff8414e4000 	C:\WINDOWS\System32\shlwapi.dll
0x00007ff840770000 - 0x00007ff84079f000 	C:\WINDOWS\SYSTEM32\profapi.dll
0x00007ff81c5d0000 - 0x00007ff81c5e8000 	C:\Program Files\Amazon Corretto\jdk17.0.14_7\bin\zip.dll
0x00007ff826630000 - 0x00007ff826649000 	C:\Program Files\Amazon Corretto\jdk17.0.14_7\bin\net.dll
0x00007ff839b70000 - 0x00007ff839c8d000 	C:\WINDOWS\SYSTEM32\WINHTTP.dll
0x00007ff83fcb0000 - 0x00007ff83fd1a000 	C:\WINDOWS\system32\mswsock.dll
0x00007ff81f760000 - 0x00007ff81f776000 	C:\Program Files\Amazon Corretto\jdk17.0.14_7\bin\nio.dll
0x00007ff833590000 - 0x00007ff8335a0000 	C:\Program Files\Amazon Corretto\jdk17.0.14_7\bin\verify.dll
0x00007ff81c5a0000 - 0x00007ff81c5c7000 	C:\Users\LENOVO\.gradle\native\68d5fa5c4cc2d200863cafc0d521ce42e7d3e7ee720ec0a83991735586a16f82\windows-amd64\native-platform.dll
0x00007ff80b1a0000 - 0x00007ff80b2e4000 	C:\Users\LENOVO\.gradle\native\e376f236ea51e6404a007f0833ffe2c6e607c4080706a723a18a27aeea778392\windows-amd64\native-platform-file-events.dll
0x00007ff82d360000 - 0x00007ff82d369000 	C:\Program Files\Amazon Corretto\jdk17.0.14_7\bin\management.dll
0x00007ff82c940000 - 0x00007ff82c94b000 	C:\Program Files\Amazon Corretto\jdk17.0.14_7\bin\management_ext.dll
0x00007ff842ff0000 - 0x00007ff842ff8000 	C:\WINDOWS\System32\PSAPI.DLL
0x00007ff83ff50000 - 0x00007ff83ff6c000 	C:\WINDOWS\SYSTEM32\CRYPTSP.dll
0x00007ff83f6d0000 - 0x00007ff83f70a000 	C:\WINDOWS\system32\rsaenh.dll
0x00007ff83fd50000 - 0x00007ff83fd7b000 	C:\WINDOWS\SYSTEM32\USERENV.dll
0x00007ff840740000 - 0x00007ff840766000 	C:\WINDOWS\SYSTEM32\bcrypt.dll
0x00007ff83ff70000 - 0x00007ff83ff7c000 	C:\WINDOWS\SYSTEM32\CRYPTBASE.dll
0x00007ff83f130000 - 0x00007ff83f163000 	C:\WINDOWS\SYSTEM32\IPHLPAPI.DLL
0x00007ff841cb0000 - 0x00007ff841cba000 	C:\WINDOWS\System32\NSI.dll
0x00007ff83a3b0000 - 0x00007ff83a3cf000 	C:\WINDOWS\SYSTEM32\dhcpcsvc6.DLL
0x00007ff839f70000 - 0x00007ff839f95000 	C:\WINDOWS\SYSTEM32\dhcpcsvc.DLL
0x00007ff83f170000 - 0x00007ff83f295000 	C:\WINDOWS\SYSTEM32\DNSAPI.dll
0x00007ff82c4d0000 - 0x00007ff82c4d9000 	C:\Program Files\Amazon Corretto\jdk17.0.14_7\bin\extnet.dll
0x00007ff8265b0000 - 0x00007ff8265be000 	C:\Program Files\Amazon Corretto\jdk17.0.14_7\bin\sunmscapi.dll
0x00007ff841300000 - 0x00007ff841477000 	C:\WINDOWS\System32\CRYPT32.dll
0x00007ff840150000 - 0x00007ff840180000 	C:\WINDOWS\SYSTEM32\ncrypt.dll
0x00007ff840100000 - 0x00007ff84013f000 	C:\WINDOWS\SYSTEM32\NTASN1.dll
0x00007ff81da90000 - 0x00007ff81da98000 	C:\WINDOWS\system32\wshunix.dll
0x00007ff839620000 - 0x00007ff83962b000 	C:\Windows\System32\rasadhlp.dll
0x00007ff83b100000 - 0x00007ff83b185000 	C:\WINDOWS\System32\fwpuclnt.dll
0x00007ff829380000 - 0x00007ff829398000 	C:\WINDOWS\system32\napinsp.dll
0x00007ff82b8a0000 - 0x00007ff82b8b2000 	C:\WINDOWS\System32\winrnr.dll
0x00007ffff1fd0000 - 0x00007ffff2000000 	C:\WINDOWS\system32\nlansp_c.dll
0x00007ff803310000 - 0x00007ff803326000 	C:\WINDOWS\system32\wshbth.dll

dbghelp: loaded successfully - version: 4.0.5 - missing functions: none
symbol engine: initialized successfully - sym options: 0x614 - pdb path: .;C:\Program Files\Amazon Corretto\jdk17.0.14_7\bin;C:\WINDOWS\SYSTEM32;C:\WINDOWS\WinSxS\amd64_microsoft.windows.common-controls_6595b64144ccf1df_6.0.26100.3624_none_3e086962e3345f24;C:\Program Files\Amazon Corretto\jdk17.0.14_7\bin\server;C:\Users\LENOVO\.gradle\native\68d5fa5c4cc2d200863cafc0d521ce42e7d3e7ee720ec0a83991735586a16f82\windows-amd64;C:\Users\LENOVO\.gradle\native\e376f236ea51e6404a007f0833ffe2c6e607c4080706a723a18a27aeea778392\windows-amd64

VM Arguments:
jvm_args: -XX:MaxMetaspaceSize=512m --add-opens=java.base/java.util=ALL-UNNAMED --add-opens=java.base/java.lang=ALL-UNNAMED --add-opens=java.base/java.lang.invoke=ALL-UNNAMED --add-opens=java.prefs/java.util.prefs=ALL-UNNAMED --add-opens=java.base/java.nio.charset=ALL-UNNAMED --add-opens=java.base/java.net=ALL-UNNAMED --add-opens=java.base/java.util.concurrent.atomic=ALL-UNNAMED -Xmx2048m -Dfile.encoding=windows-1252 -Duser.country=ID -Duser.language=en -Duser.variant -javaagent:C:\Users\LENOVO\.gradle\wrapper\dists\gradle-8.3-all\6en3ugtfdg5xnpx44z4qbwgas\gradle-8.3\lib\agents\gradle-instrumentation-agent-8.3.jar 
java_command: org.gradle.launcher.daemon.bootstrap.GradleDaemon 8.3
java_class_path (initial): C:\Users\LENOVO\.gradle\wrapper\dists\gradle-8.3-all\6en3ugtfdg5xnpx44z4qbwgas\gradle-8.3\lib\gradle-launcher-8.3.jar
Launcher Type: SUN_STANDARD

[Global flags]
     intx CICompilerCount                          = 12                                        {product} {ergonomic}
   size_t CompressedClassSpaceSize                 = 436207616                                 {product} {ergonomic}
     uint ConcGCThreads                            = 4                                         {product} {ergonomic}
     uint G1ConcRefinementThreads                  = 16                                        {product} {ergonomic}
   size_t G1HeapRegionSize                         = 1048576                                   {product} {ergonomic}
    uintx GCDrainStackTargetSize                   = 64                                        {product} {ergonomic}
   size_t InitialHeapSize                          = 260046848                                 {product} {ergonomic}
   size_t MarkStackSize                            = 4194304                                   {product} {ergonomic}
   size_t MaxHeapSize                              = 2147483648                                {product} {command line}
   size_t MaxMetaspaceSize                         = 536870912                                 {product} {command line}
   size_t MaxNewSize                               = 1287651328                                {product} {ergonomic}
   size_t MinHeapDeltaBytes                        = 1048576                                   {product} {ergonomic}
   size_t MinHeapSize                              = 8388608                                   {product} {ergonomic}
    uintx NonNMethodCodeHeapSize                   = 7602480                                {pd product} {ergonomic}
    uintx NonProfiledCodeHeapSize                  = 122027880                              {pd product} {ergonomic}
    uintx ProfiledCodeHeapSize                     = 122027880                              {pd product} {ergonomic}
    uintx ReservedCodeCacheSize                    = 251658240                              {pd product} {ergonomic}
     bool SegmentedCodeCache                       = true                                      {product} {ergonomic}
   size_t SoftMaxHeapSize                          = 2147483648                             {manageable} {ergonomic}
     bool UseCompressedClassPointers               = true                           {product lp64_product} {ergonomic}
     bool UseCompressedOops                        = true                           {product lp64_product} {ergonomic}
     bool UseG1GC                                  = true                                      {product} {ergonomic}
     bool UseLargePagesIndividualAllocation        = false                                  {pd product} {ergonomic}

Logging:
Log output configuration:
 #0: stdout all=warning uptime,level,tags
 #1: stderr all=off uptime,level,tags

Environment Variables:
JAVA_HOME=C:\Program Files\Amazon Corretto\jdk17.0.14_7
CLASSPATH=C:\Users\LENOVO\delonMAD\android\\gradle\wrapper\gradle-wrapper.jar
PATH=C:\Users\LENOVO\delonMAD\node_modules\.bin;C:\Users\LENOVO\node_modules\.bin;C:\Users\node_modules\.bin;C:\node_modules\.bin;C:\Program Files\nodejs\node_modules\npm\node_modules\@npmcli\run-script\lib\node-gyp-bin;C:\Program Files\Amazon Corretto\jdk17.0.14_7\bin;C:\WINDOWS\system32;C:\WINDOWS;C:\WINDOWS\System32\Wbem;C:\WINDOWS\System32\WindowsPowerShell\v1.0\;C:\WINDOWS\System32\OpenSSH\;C:\Program Files\Git\cmd;C:\Program Files\nodejs\;C:\Program Files (x86)\Microsoft SQL Server\160\Tools\Binn\;C:\Program Files\Microsoft SQL Server\160\Tools\Binn\;C:\Program Files\Microsoft SQL Server\Client SDK\ODBC\170\Tools\Binn\;C:\Program Files\Microsoft SQL Server\160\DTS\Binn\;C:\Users\LENOVO\AppData\Local\Microsoft\WindowsApps;C:\Users\LENOVO\AppData\Local\Programs\Microsoft VS Code\bin;C:\Users\LENOVO\AppData\Roaming\npm;Platform-tools;
USERNAME=LENOVO
OS=Windows_NT
PROCESSOR_IDENTIFIER=Intel64 Family 6 Model 170 Stepping 4, GenuineIntel
TMP=C:\Users\LENOVO\AppData\Local\Temp
TEMP=C:\Users\LENOVO\AppData\Local\Temp



Periodic native trim disabled


---------------  S Y S T E M  ---------------

OS:
 Windows 11 , 64 bit Build 26100 (10.0.26100.3775)
OS uptime: 7 days 21:06 hours
Hyper-V role detected

CPU: total 22 (initial active 22) (11 cores per cpu, 2 threads per core) family 6 model 170 stepping 4 microcode 0x1e, cx8, cmov, fxsr, ht, mmx, 3dnowpref, sse, sse2, sse3, ssse3, sse4.1, sse4.2, popcnt, lzcnt, tsc, tscinvbit, avx, avx2, aes, erms, clmul, bmi1, bmi2, adx, sha, fma, vzeroupper, clflush, clflushopt, clwb, hv
Processor Information for processor 0
  Max Mhz: 1400, Current Mhz: 1400, Mhz Limit: 1400
Processor Information for processor 1
  Max Mhz: 1400, Current Mhz: 1400, Mhz Limit: 1400
Processor Information for processor 2
  Max Mhz: 900, Current Mhz: 900, Mhz Limit: 900
Processor Information for processor 3
  Max Mhz: 900, Current Mhz: 900, Mhz Limit: 900
Processor Information for processor 4
  Max Mhz: 900, Current Mhz: 900, Mhz Limit: 900
Processor Information for processor 5
  Max Mhz: 900, Current Mhz: 900, Mhz Limit: 900
Processor Information for processor 6
  Max Mhz: 900, Current Mhz: 900, Mhz Limit: 900
Processor Information for processor 7
  Max Mhz: 900, Current Mhz: 900, Mhz Limit: 900
Processor Information for processor 8
  Max Mhz: 900, Current Mhz: 900, Mhz Limit: 900
Processor Information for processor 9
  Max Mhz: 900, Current Mhz: 900, Mhz Limit: 900
Processor Information for processor 10
  Max Mhz: 1400, Current Mhz: 1400, Mhz Limit: 1400
Processor Information for processor 11
  Max Mhz: 1400, Current Mhz: 1400, Mhz Limit: 1400
Processor Information for processor 12
  Max Mhz: 1400, Current Mhz: 1400, Mhz Limit: 1400
Processor Information for processor 13
  Max Mhz: 1400, Current Mhz: 1400, Mhz Limit: 1400
Processor Information for processor 14
  Max Mhz: 1400, Current Mhz: 1400, Mhz Limit: 1400
Processor Information for processor 15
  Max Mhz: 1400, Current Mhz: 1400, Mhz Limit: 1400
Processor Information for processor 16
  Max Mhz: 1400, Current Mhz: 1400, Mhz Limit: 1400
Processor Information for processor 17
  Max Mhz: 1400, Current Mhz: 1400, Mhz Limit: 1400
Processor Information for processor 18
  Max Mhz: 1400, Current Mhz: 1400, Mhz Limit: 1400
Processor Information for processor 19
  Max Mhz: 1400, Current Mhz: 1400, Mhz Limit: 1400
Processor Information for processor 20
  Max Mhz: 700, Current Mhz: 700, Mhz Limit: 700
Processor Information for processor 21
  Max Mhz: 700, Current Mhz: 700, Mhz Limit: 700

Memory: 4k page, system-wide physical 15805M (752M free)
TotalPageFile size 15805M (AvailPageFile size 1M)
current process WorkingSet (physical memory assigned to process): 459M, peak: 463M
current process commit charge ("private bytes"): 517M, peak: 520M

vm_info: OpenJDK 64-Bit Server VM (17.0.14+7-LTS) for windows-amd64 JRE (17.0.14+7-LTS), built on Jan  7 2025 20:14:24 by "Administrator" with MS VC++ 16.10 / 16.11 (VS2019)

END.
